LKOH_date,LKOH_close,SP500_date,SP500_close,GOLD_date,GOLD_close,BRENT_date,BRENT_close,COPPER_date,COPPER_close,USD_EUR_date,USD_EUR_close,RUB_USD_date,RUB_USD_close,GAS_date,GAS_close
05.02.2019,5435.0000000,05.02.2019,2737.7000000,05.02.2019,1317.4000000,05.02.2019,62.1100000,05.02.2019,6214.8519700,05.02.2019,1.1412800,05.02.2019,65.6030000,05.02.2019,2.6950000
06.02.2019,5461.0000000,06.02.2019,2731.6100000,06.02.2019,1310.6000000,06.02.2019,62.5500000,06.02.2019,6228.0797500,06.02.2019,1.1368200,06.02.2019,65.8716000,06.02.2019,2.6710000
07.02.2019,5385.0000000,07.02.2019,2706.0500000,07.02.2019,1314.9000000,07.02.2019,61.6800000,07.02.2019,6238.0005850,07.02.2019,1.1342500,07.02.2019,65.8771000,07.02.2019,2.5790000
08.02.2019,5386.0000000,08.02.2019,2707.8800000,08.02.2019,1318.2000000,08.02.2019,61.9700000,08.02.2019,6202.7265050,08.02.2019,1.1322100,08.02.2019,65.7237000,08.02.2019,2.6180000
11.02.2019,5419.5000000,11.02.2019,2709.8000000,11.02.2019,1316.9000000,11.02.2019,61.5800000,11.02.2019,6148.7130700,11.02.2019,1.1276400,11.02.2019,65.7753000,11.02.2019,2.6550000
12.02.2019,5439.0000000,12.02.2019,2744.7300000,12.02.2019,1314.5000000,12.02.2019,62.6100000,12.02.2019,6117.8482500,12.02.2019,1.1331500,12.02.2019,65.8077000,12.02.2019,2.6030000
13.02.2019,5351.0000000,13.02.2019,2753.0300000,13.02.2019,1309.1000000,13.02.2019,63.6000000,13.02.2019,6125.5644550,13.02.2019,1.1266300,13.02.2019,66.4911000,13.02.2019,2.5890000
15.02.2019,5426.0000000,15.02.2019,2775.6000000,15.02.2019,1325.0000000,15.02.2019,66.3900000,15.02.2019,6206.0334500,15.02.2019,1.1291500,15.02.2019,66.2698000,15.02.2019,2.6320000
19.02.2019,5443.5000000,19.02.2019,2779.7600000,19.02.2019,1347.7000000,19.02.2019,66.4400000,19.02.2019,6327.2881000,19.02.2019,1.1299100,19.02.2019,65.7714000,19.02.2019,2.6560000
20.02.2019,5445.0000000,20.02.2019,2784.7000000,20.02.2019,1338.5000000,20.02.2019,67.1800000,20.02.2019,6428.7010800,20.02.2019,1.1342700,20.02.2019,65.6666000,20.02.2019,2.6540000
21.02.2019,5447.5000000,21.02.2019,2774.8800000,21.02.2019,1325.1000000,21.02.2019,66.9400000,21.02.2019,6401.1432050,21.02.2019,1.1338400,21.02.2019,65.5255000,21.02.2019,2.6980000
22.02.2019,5527.0000000,22.02.2019,2792.6700000,22.02.2019,1330.7000000,22.02.2019,66.9100000,22.02.2019,6502.5561850,22.02.2019,1.1332100,22.02.2019,65.3501000,22.02.2019,2.6980000
25.02.2019,5533.0000000,25.02.2019,2796.1100000,25.02.2019,1327.9000000,25.02.2019,64.9200000,25.02.2019,6493.7376650,25.02.2019,1.1361300,25.02.2019,65.5186000,25.02.2019,2.8480000
26.02.2019,5551.0000000,26.02.2019,2793.9000000,26.02.2019,1328.5000000,26.02.2019,65.7900000,26.02.2019,6486.0214600,26.02.2019,1.1391800,26.02.2019,65.6967000,26.02.2019,2.7860000
27.02.2019,5580.0000000,27.02.2019,2792.3800000,27.02.2019,1326.2000000,27.02.2019,66.4700000,27.02.2019,6540.0348950,27.02.2019,1.1371000,27.02.2019,65.7502000,27.02.2019,2.8000000
28.02.2019,5501.0000000,28.02.2019,2784.4900000,28.02.2019,1310.2000000,28.02.2019,66.2800000,28.02.2019,6499.2492400,28.02.2019,1.1373100,28.02.2019,65.9150000,28.02.2019,2.7980000
01.03.2019,5500.5000000,01.03.2019,2803.6900000,01.03.2019,1294.5000000,01.03.2019,65.0000000,01.03.2019,6450.7473800,01.03.2019,1.1364400,01.03.2019,65.9155000,01.03.2019,2.8460000
04.03.2019,5546.5000000,04.03.2019,2792.8100000,04.03.2019,1285.5000000,04.03.2019,65.5500000,04.03.2019,6419.8825600,04.03.2019,1.1342200,04.03.2019,65.7628000,04.03.2019,2.8570000
05.03.2019,5622.5000000,05.03.2019,2789.6500000,05.03.2019,1286.1000000,05.03.2019,65.5700000,05.03.2019,6471.6913650,05.03.2019,1.1307700,05.03.2019,65.7880000,05.03.2019,2.8830000
06.03.2019,5713.0000000,06.03.2019,2771.4500000,06.03.2019,1286.8000000,06.03.2019,65.9300000,06.03.2019,6445.2358050,06.03.2019,1.1311000,06.03.2019,65.9480000,06.03.2019,2.8330000
07.03.2019,5677.0000000,07.03.2019,2748.9300000,07.03.2019,1293.7000000,07.03.2019,66.0900000,07.03.2019,6426.4964500,07.03.2019,1.1181200,07.03.2019,66.2490000,07.03.2019,2.8680000
11.03.2019,5561.0000000,11.03.2019,2783.3000000,11.03.2019,1295.6000000,11.03.2019,66.6300000,11.03.2019,6413.2686700,11.03.2019,1.1243900,11.03.2019,65.8633000,11.03.2019,2.7770000
12.03.2019,5576.0000000,12.03.2019,2791.5200000,12.03.2019,1306.7000000,12.03.2019,66.8200000,12.03.2019,6460.6682150,12.03.2019,1.1285600,12.03.2019,65.5311000,12.03.2019,2.7890000
13.03.2019,5609.0000000,13.03.2019,2810.9200000,13.03.2019,1301.8000000,13.03.2019,67.6400000,13.03.2019,6462.8728450,13.03.2019,1.1326800,13.03.2019,65.3890000,13.03.2019,2.8340000
14.03.2019,5608.0000000,14.03.2019,2808.4800000,14.03.2019,1302.5000000,14.03.2019,67.1800000,14.03.2019,6374.6876450,14.03.2019,1.1303400,14.03.2019,65.4655000,14.03.2019,2.8350000
15.03.2019,5662.5000000,15.03.2019,2822.4800000,15.03.2019,1302.3000000,15.03.2019,67.0200000,15.03.2019,6412.1663550,15.03.2019,1.1323600,15.03.2019,64.7930000,15.03.2019,2.7910000
18.03.2019,5610.0000000,18.03.2019,2832.9400000,18.03.2019,1305.7000000,18.03.2019,67.4300000,18.03.2019,6416.5756150,18.03.2019,1.1335100,18.03.2019,64.3272000,18.03.2019,2.8390000
19.03.2019,5682.5000000,19.03.2019,2832.5700000,19.03.2019,1301.8000000,19.03.2019,67.7100000,19.03.2019,6439.7242300,19.03.2019,1.1351000,19.03.2019,64.3746000,19.03.2019,2.8600000
20.03.2019,5770.0000000,20.03.2019,2824.2300000,20.03.2019,1317.7000000,20.03.2019,68.3000000,20.03.2019,6463.9751600,20.03.2019,1.1413100,20.03.2019,63.8185000,20.03.2019,2.8290000
21.03.2019,5759.0000000,21.03.2019,2854.8800000,21.03.2019,1311.3000000,21.03.2019,67.7400000,21.03.2019,6418.7802450,21.03.2019,1.1372600,21.03.2019,63.8643000,21.03.2019,2.7910000
22.03.2019,5793.5000000,22.03.2019,2800.7100000,22.03.2019,1313.4000000,22.03.2019,67.0800000,22.03.2019,6279.8885550,22.03.2019,1.1299900,22.03.2019,64.6738000,22.03.2019,2.7530000
25.03.2019,5740.0000000,25.03.2019,2798.3600000,25.03.2019,1316.2000000,25.03.2019,66.9000000,25.03.2019,6300.8325400,25.03.2019,1.1311200,25.03.2019,63.9653000,25.03.2019,2.7580000
26.03.2019,5809.0000000,26.03.2019,2818.4600000,26.03.2019,1315.6000000,26.03.2019,67.4400000,26.03.2019,6317.3672650,26.03.2019,1.1263900,26.03.2019,64.3690000,26.03.2019,2.7200000
27.03.2019,5850.0000000,27.03.2019,2805.3700000,27.03.2019,1307.0000000,27.03.2019,67.3000000,27.03.2019,6311.8556900,27.03.2019,1.1243900,27.03.2019,64.8225000,27.03.2019,2.7300000
28.03.2019,5880.0000000,28.03.2019,2815.4400000,28.03.2019,1294.7000000,28.03.2019,67.3100000,28.03.2019,6357.0506050,28.03.2019,1.1218300,28.03.2019,65.0964000,28.03.2019,2.7210000
29.03.2019,5894.0000000,29.03.2019,2834.4000000,29.03.2019,1297.0000000,29.03.2019,67.5500000,29.03.2019,6462.8728450,29.03.2019,1.1217200,29.03.2019,65.6700000,29.03.2019,2.6730000
01.04.2019,5909.0000000,01.04.2019,2867.1900000,01.04.2019,1290.9000000,01.04.2019,69.1600000,01.04.2019,6460.6682150,01.04.2019,1.1212000,01.04.2019,65.1921000,01.04.2019,2.6930000
02.04.2019,5958.0000000,02.04.2019,2867.2400000,02.04.2019,1296.7000000,02.04.2019,69.5700000,02.04.2019,6411.0640400,02.04.2019,1.1203000,02.04.2019,65.3060000,02.04.2019,2.6880000
03.04.2019,5926.0000000,03.04.2019,2873.4000000,03.04.2019,1295.4000000,03.04.2019,69.5200000,03.04.2019,6490.4307200,03.04.2019,1.1232000,03.04.2019,65.2188000,03.04.2019,2.6740000
04.04.2019,5865.0000000,04.04.2019,2879.3900000,04.04.2019,1292.9000000,04.04.2019,69.3100000,04.04.2019,6426.4964500,04.04.2019,1.1219900,04.04.2019,65.4288000,04.04.2019,2.6390000
05.04.2019,5822.0000000,05.04.2019,2892.7400000,05.04.2019,1295.9000000,05.04.2019,70.4800000,05.04.2019,6369.1760700,05.04.2019,1.1214000,05.04.2019,65.2087000,05.04.2019,2.6790000
08.04.2019,5826.0000000,08.04.2019,2895.7700000,08.04.2019,1305.4000000,08.04.2019,71.1000000,08.04.2019,6465.0774750,08.04.2019,1.1260500,08.04.2019,64.8575000,08.04.2019,2.7230000
09.04.2019,5736.0000000,09.04.2019,2878.2000000,09.04.2019,1308.3000000,09.04.2019,70.8300000,09.04.2019,6467.2821050,09.04.2019,1.1261200,09.04.2019,64.9258000,09.04.2019,2.7070000
10.04.2019,5692.0000000,10.04.2019,2888.2100000,10.04.2019,1308.3000000,10.04.2019,71.5700000,10.04.2019,6441.9288600,10.04.2019,1.1273000,10.04.2019,64.3250000,10.04.2019,2.7030000
11.04.2019,5630.0000000,11.04.2019,2888.3200000,11.04.2019,1296.8000000,11.04.2019,70.9800000,11.04.2019,6379.0969050,11.04.2019,1.1251300,11.04.2019,64.5876000,11.04.2019,2.6760000
12.04.2019,5600.0000000,12.04.2019,2907.4100000,12.04.2019,1293.5000000,12.04.2019,71.5500000,12.04.2019,6484.9191450,12.04.2019,1.1296400,12.04.2019,64.2821000,12.04.2019,2.6540000
15.04.2019,5590.0000000,15.04.2019,2905.5800000,15.04.2019,1287.3000000,15.04.2019,71.3000000,15.04.2019,6468.3844200,15.04.2019,1.1303000,15.04.2019,64.2838000,15.04.2019,2.5910000
16.04.2019,5609.5000000,16.04.2019,2907.0600000,16.04.2019,1278.7000000,16.04.2019,71.8600000,16.04.2019,6460.6682150,16.04.2019,1.1279700,16.04.2019,64.0705000,16.04.2019,2.5780000
17.04.2019,5584.0000000,17.04.2019,2900.4500000,17.04.2019,1277.9000000,17.04.2019,71.6400000,17.04.2019,6529.0117450,17.04.2019,1.1293700,17.04.2019,63.8038000,17.04.2019,2.5060000
18.04.2019,5610.0000000,18.04.2019,2905.0300000,18.04.2019,1277.9000000,18.04.2019,72.0100000,18.04.2019,6434.2126550,18.04.2019,1.1228200,18.04.2019,63.8320000,18.04.2019,2.4920000
22.04.2019,5690.0000000,22.04.2019,2907.9700000,22.04.2019,1275.0000000,22.04.2019,74.2500000,22.04.2019,6406.6547800,22.04.2019,1.1256600,22.04.2019,63.8038000,22.04.2019,2.5300000
23.04.2019,5780.0000000,23.04.2019,2933.6800000,23.04.2019,1275.4000000,23.04.2019,74.3600000,23.04.2019,6385.7107950,23.04.2019,1.1227000,23.04.2019,63.6940000,23.04.2019,2.4640000
24.04.2019,5760.0000000,24.04.2019,2927.2500000,24.04.2019,1278.9000000,24.04.2019,74.5500000,24.04.2019,6416.5756150,24.04.2019,1.1152600,24.04.2019,64.5778000,24.04.2019,2.4660000
25.04.2019,5648.5000000,25.04.2019,2926.1700000,25.04.2019,1284.2000000,25.04.2019,73.6200000,25.04.2019,6314.0603200,25.04.2019,1.1130900,25.04.2019,64.5464000,25.04.2019,2.5060000
26.04.2019,5588.0000000,26.04.2019,2939.8800000,26.04.2019,1288.4000000,26.04.2019,71.1300000,26.04.2019,6358.1529200,26.04.2019,1.1144600,26.04.2019,64.6795000,26.04.2019,2.5660000
29.04.2019,5552.0000000,29.04.2019,2943.0300000,29.04.2019,1285.6000000,29.04.2019,71.4200000,29.04.2019,6382.4038500,29.04.2019,1.1184000,29.04.2019,64.4386000,29.04.2019,2.5850000
30.04.2019,5511.0000000,30.04.2019,2945.8300000,30.04.2019,1282.6000000,30.04.2019,71.6600000,30.04.2019,6404.4501500,30.04.2019,1.1215100,30.04.2019,64.5876000,30.04.2019,2.5740000
02.05.2019,5551.0000000,02.05.2019,2917.5200000,02.05.2019,1271.3000000,02.05.2019,70.3500000,02.05.2019,6140.9968650,02.05.2019,1.1171300,02.05.2019,65.3687000,02.05.2019,2.5990000
03.05.2019,5453.0000000,03.05.2019,2945.6400000,03.05.2019,1280.2000000,03.05.2019,70.7800000,03.05.2019,6221.4658600,03.05.2019,1.1201100,03.05.2019,65.0395000,03.05.2019,2.5620000
06.05.2019,5478.0000000,06.05.2019,2932.4700000,06.05.2019,1283.1000000,06.05.2019,70.9800000,06.05.2019,6242.4098450,06.05.2019,1.1197600,06.05.2019,65.2100000,06.05.2019,2.5260000
07.05.2019,5405.5000000,07.05.2019,2884.0500000,07.05.2019,1288.3000000,07.05.2019,68.8100000,07.05.2019,6150.9177000,07.05.2019,1.1189000,07.05.2019,65.3872000,07.05.2019,2.5450000
08.05.2019,5331.0000000,08.05.2019,2879.4200000,08.05.2019,1285.7000000,08.05.2019,68.4800000,08.05.2019,6111.2343600,08.05.2019,1.1191600,08.05.2019,64.9760000,08.05.2019,2.5990000
10.05.2019,5290.0000000,10.05.2019,2881.4000000,10.05.2019,1286.8000000,10.05.2019,70.8600000,10.05.2019,6122.2575100,10.05.2019,1.1232900,10.05.2019,65.1452000,10.05.2019,2.6190000
13.05.2019,5350.0000000,13.05.2019,2811.8700000,13.05.2019,1298.1000000,13.05.2019,68.7500000,13.05.2019,6006.5144350,13.05.2019,1.1220800,13.05.2019,65.3670000,13.05.2019,2.6380000
14.05.2019,5188.5000000,14.05.2019,2834.4100000,14.05.2019,1299.5000000,14.05.2019,69.2600000,14.05.2019,6006.5144350,14.05.2019,1.1202500,14.05.2019,64.8913000,14.05.2019,2.6570000
15.05.2019,5000.0000000,15.05.2019,2850.9600000,15.05.2019,1296.3000000,15.05.2019,70.5000000,15.05.2019,6057.2209250,15.05.2019,1.1200800,15.05.2019,64.5975000,15.05.2019,2.6050000
16.05.2019,5200.0000000,16.05.2019,2876.3200000,16.05.2019,1286.9000000,16.05.2019,71.0900000,16.05.2019,6061.6301850,16.05.2019,1.1173500,16.05.2019,64.5988000,16.05.2019,2.6360000
17.05.2019,5260.0000000,17.05.2019,2859.5300000,17.05.2019,1277.4000000,17.05.2019,72.1700000,17.05.2019,6028.5607350,17.05.2019,1.1155800,17.05.2019,64.7615000,17.05.2019,2.6230000
20.05.2019,5172.5000000,20.05.2019,2840.2300000,20.05.2019,1274.8000000,20.05.2019,70.5400000,20.05.2019,6016.4352700,20.05.2019,1.1165900,20.05.2019,64.5414000,20.05.2019,2.6550000
21.05.2019,5300.0000000,21.05.2019,2864.3600000,21.05.2019,1274.0000000,21.05.2019,69.9900000,21.05.2019,5992.1843400,21.05.2019,1.1158800,21.05.2019,64.3692000,21.05.2019,2.6210000
22.05.2019,5317.5000000,22.05.2019,2856.2700000,22.05.2019,1275.3000000,22.05.2019,68.6600000,22.05.2019,5902.8968250,22.05.2019,1.1150300,22.05.2019,64.2987000,22.05.2019,2.5490000
23.05.2019,5275.0000000,23.05.2019,2822.2400000,23.05.2019,1281.7000000,23.05.2019,66.4200000,23.05.2019,5915.0222900,23.05.2019,1.1181500,23.05.2019,64.8412000,23.05.2019,2.5840000
24.05.2019,5240.0000000,24.05.2019,2826.0600000,24.05.2019,1284.3000000,24.05.2019,69.2600000,24.05.2019,5946.9894250,24.05.2019,1.1202100,24.05.2019,64.4776000,24.05.2019,2.5980000
28.05.2019,5100.0000000,28.05.2019,2802.3900000,28.05.2019,1283.2000000,28.05.2019,67.2300000,28.05.2019,5943.6824800,28.05.2019,1.1159800,28.05.2019,64.6750000,28.05.2019,2.5840000
29.05.2019,5240.0000000,29.05.2019,2783.0200000,29.05.2019,1276.0000000,29.05.2019,67.3000000,29.05.2019,5884.1574700,29.05.2019,1.1130900,29.05.2019,64.9205000,29.05.2019,2.6150000
30.05.2019,5230.0000000,30.05.2019,2788.8600000,30.05.2019,1299.6000000,30.05.2019,63.7700000,30.05.2019,5836.7579250,30.05.2019,1.1128000,30.05.2019,65.2016000,30.05.2019,2.5620000
31.05.2019,5268.5000000,31.05.2019,2752.0600000,31.05.2019,1310.2000000,31.05.2019,61.7600000,31.05.2019,5798.1769000,31.05.2019,1.1166300,31.05.2019,65.3803000,31.05.2019,2.4640000
03.06.2019,5254.5000000,03.06.2019,2744.4500000,03.06.2019,1329.3000000,03.06.2019,60.1800000,03.06.2019,5854.3949650,03.06.2019,1.1240300,03.06.2019,65.2228000,03.06.2019,2.4150000
04.06.2019,5170.0000000,04.06.2019,2803.2700000,04.06.2019,1337.4000000,04.06.2019,60.8000000,04.06.2019,5875.3389500,04.06.2019,1.1250000,04.06.2019,65.1456000,04.06.2019,2.4130000
05.06.2019,5103.0000000,05.06.2019,2826.1500000,05.06.2019,1337.8000000,05.06.2019,59.7000000,05.06.2019,5793.7676400,05.06.2019,1.1221000,05.06.2019,65.3030000,05.06.2019,2.3760000
06.06.2019,5156.5000000,06.06.2019,2843.4900000,06.06.2019,1340.2000000,06.06.2019,61.4100000,06.06.2019,5837.8602400,06.06.2019,1.1275100,06.06.2019,65.0930000,06.06.2019,2.3400000
07.06.2019,5133.0000000,07.06.2019,2873.3400000,07.06.2019,1344.9000000,07.06.2019,63.2400000,07.06.2019,5783.8468050,07.06.2019,1.1331500,07.06.2019,64.9419000,07.06.2019,2.3370000
10.06.2019,5181.0000000,10.06.2019,2886.7300000,10.06.2019,1325.7000000,10.06.2019,61.5100000,10.06.2019,5867.6227450,10.06.2019,1.1310700,10.06.2019,64.6877000,10.06.2019,2.3700000
11.06.2019,5237.0000000,11.06.2019,2885.7200000,11.06.2019,1341.5000000,11.06.2019,60.4900000,11.06.2019,5887.4644150,11.06.2019,1.1325400,11.06.2019,64.5060000,11.06.2019,2.3930000
13.06.2019,5210.5000000,13.06.2019,2891.6400000,13.06.2019,1357.9000000,13.06.2019,60.8300000,13.06.2019,5859.9065400,13.06.2019,1.1276400,13.06.2019,64.5490000,13.06.2019,2.3320000
14.06.2019,5178.5000000,14.06.2019,2886.9800000,14.06.2019,1345.3000000,14.06.2019,62.0400000,14.06.2019,5794.8699550,14.06.2019,1.1208900,14.06.2019,64.3605000,14.06.2019,2.3880000
17.06.2019,5190.0000000,17.06.2019,2889.6700000,17.06.2019,1349.2000000,17.06.2019,59.9600000,17.06.2019,5837.8602400,17.06.2019,1.1217900,17.06.2019,64.2980000,17.06.2019,2.3760000
18.06.2019,5230.0000000,18.06.2019,2917.7500000,18.06.2019,1345.5000000,18.06.2019,61.4200000,18.06.2019,5961.3195200,18.06.2019,1.1193600,18.06.2019,63.9930000,18.06.2019,2.3340000
19.06.2019,5245.0000000,19.06.2019,2926.4600000,19.06.2019,1384.1000000,19.06.2019,61.8700000,19.06.2019,5941.4778500,19.06.2019,1.1226200,19.06.2019,63.6930000,19.06.2019,2.2850000
20.06.2019,5320.0000000,20.06.2019,2954.1800000,20.06.2019,1393.2000000,20.06.2019,64.7000000,20.06.2019,5976.7519300,20.06.2019,1.1291700,20.06.2019,62.8381000,20.06.2019,2.2090000
21.06.2019,5338.0000000,21.06.2019,2950.4600000,21.06.2019,1403.0000000,21.06.2019,65.3500000,21.06.2019,5956.9102600,21.06.2019,1.1366700,21.06.2019,63.0000000,21.06.2019,2.1970000
24.06.2019,5270.0000000,24.06.2019,2945.3500000,24.06.2019,1434.4000000,24.06.2019,64.7800000,24.06.2019,5971.2403550,24.06.2019,1.1397700,24.06.2019,62.5410000,24.06.2019,2.2940000
25.06.2019,5309.5000000,25.06.2019,2917.3800000,25.06.2019,1413.8000000,25.06.2019,65.0400000,25.06.2019,6008.7190650,25.06.2019,1.1365100,25.06.2019,62.8450000,25.06.2019,2.2940000
26.06.2019,5358.5000000,26.06.2019,2913.7800000,26.06.2019,1405.6000000,26.06.2019,65.5300000,26.06.2019,5976.7519300,26.06.2019,1.1367800,26.06.2019,62.9728000,26.06.2019,2.2670000
27.06.2019,5380.0000000,27.06.2019,2924.9200000,27.06.2019,1418.2000000,27.06.2019,65.4300000,27.06.2019,6001.0028600,27.06.2019,1.1368600,27.06.2019,63.0401000,27.06.2019,2.3240000
28.06.2019,5305.0000000,28.06.2019,2941.7600000,28.06.2019,1412.5000000,28.06.2019,64.5500000,28.06.2019,5991.0820250,28.06.2019,1.1369300,28.06.2019,63.3840000,28.06.2019,2.3160000
03.07.2019,5345.5000000,03.07.2019,2995.8200000,03.07.2019,1414.6000000,03.07.2019,63.8600000,03.07.2019,5918.3292350,03.07.2019,1.1277100,03.07.2019,63.2500000,03.07.2019,2.2800000
16.07.2019,5190.5000000,16.07.2019,3004.0400000,16.07.2019,1403.9000000,16.07.2019,64.4000000,16.07.2019,5944.7847950,16.07.2019,1.1209800,16.07.2019,63.0163000,16.07.2019,2.3250000
17.07.2019,5206.0000000,17.07.2019,2984.4200000,17.07.2019,1423.1000000,17.07.2019,63.6000000,17.07.2019,5956.9102600,17.07.2019,1.1224000,17.07.2019,62.8701000,17.07.2019,2.3130000
19.07.2019,5200.5000000,19.07.2019,2976.6100000,19.07.2019,1426.5000000,19.07.2019,62.6500000,19.07.2019,6042.8908300,19.07.2019,1.1219900,19.07.2019,63.0100000,19.07.2019,2.2530000
24.07.2019,5134.5000000,24.07.2019,3019.5600000,24.07.2019,1426.8000000,24.07.2019,63.1300000,24.07.2019,5981.1611900,24.07.2019,1.1139800,24.07.2019,63.3020000,24.07.2019,2.2260000
25.07.2019,5096.5000000,25.07.2019,3003.6700000,25.07.2019,1417.6000000,25.07.2019,62.9500000,25.07.2019,5971.2403550,25.07.2019,1.1146300,25.07.2019,63.2420000,25.07.2019,2.2300000
01.08.2019,5220.5000000,01.08.2019,2953.5600000,01.08.2019,1448.6000000,01.08.2019,60.5000000,01.08.2019,5737.5495750,01.08.2019,1.1078900,01.08.2019,64.2973000,01.08.2019,2.1810000
02.08.2019,5130.0000000,02.08.2019,2932.0500000,02.08.2019,1452.5000000,02.08.2019,61.1700000,02.08.2019,5660.3875250,02.08.2019,1.1108300,02.08.2019,65.1552000,02.08.2019,2.1410000
05.08.2019,5139.0000000,05.08.2019,2844.7400000,05.08.2019,1474.2000000,05.08.2019,59.8100000,05.08.2019,5596.4532550,05.08.2019,1.1240000,05.08.2019,65.7056000,05.08.2019,2.0920000
12.08.2019,5320.0000000,12.08.2019,2883.0900000,12.08.2019,1534.4000000,12.08.2019,58.3700000,12.08.2019,5700.0708650,12.08.2019,1.1216000,12.08.2019,65.4167000,12.08.2019,2.1110000
13.08.2019,5276.0000000,13.08.2019,2926.3200000,13.08.2019,1511.5000000,13.08.2019,60.9100000,13.08.2019,5800.3815300,13.08.2019,1.1176200,13.08.2019,64.9093000,13.08.2019,2.1570000
14.08.2019,5106.5000000,14.08.2019,2840.6000000,14.08.2019,1526.4000000,14.08.2019,58.9900000,14.08.2019,5715.5032750,14.08.2019,1.1142800,14.08.2019,66.0700000,14.08.2019,2.1560000
20.08.2019,5326.5000000,20.08.2019,2900.5100000,20.08.2019,1509.1000000,20.08.2019,60.0500000,20.08.2019,5681.3315100,20.08.2019,1.1097200,20.08.2019,66.4412000,20.08.2019,2.2230000
21.08.2019,5278.0000000,21.08.2019,2924.4300000,21.08.2019,1508.1000000,21.08.2019,60.3800000,21.08.2019,5692.3546600,21.08.2019,1.1090200,21.08.2019,65.7802000,21.08.2019,2.1620000
22.08.2019,5275.0000000,22.08.2019,2922.9500000,22.08.2019,1505.9000000,22.08.2019,60.0500000,22.08.2019,5641.6481700,22.08.2019,1.1083600,22.08.2019,65.5249000,22.08.2019,2.1480000
28.08.2019,5195.0000000,28.08.2019,2887.9400000,28.08.2019,1549.0000000,28.08.2019,59.8400000,28.08.2019,5639.4435400,28.08.2019,1.1085600,28.08.2019,66.7589000,28.08.2019,2.2230000
29.08.2019,5356.0000000,29.08.2019,2924.5800000,29.08.2019,1534.3000000,29.08.2019,60.3700000,29.08.2019,5683.5361400,29.08.2019,1.1058800,29.08.2019,66.4953000,29.08.2019,2.2840000
30.08.2019,5379.5000000,30.08.2019,2926.4600000,30.08.2019,1529.2000000,30.08.2019,59.1900000,30.08.2019,5637.2389100,30.08.2019,1.0989000,30.08.2019,66.6670000,30.08.2019,2.2800000
06.09.2019,5526.5000000,06.09.2019,2978.7100000,06.09.2019,1515.0000000,06.09.2019,61.7800000,06.09.2019,5799.2792150,06.09.2019,1.1028900,06.09.2019,65.7720000,06.09.2019,2.4890000
09.09.2019,5500.0000000,09.09.2019,2978.4300000,09.09.2019,1502.0000000,09.09.2019,62.7100000,09.09.2019,5792.6653250,09.09.2019,1.1046900,09.09.2019,65.5262000,09.09.2019,2.6020000
10.09.2019,5476.0000000,10.09.2019,2979.3900000,10.09.2019,1501.7000000,10.09.2019,62.7100000,10.09.2019,5782.7444900,10.09.2019,1.1050100,10.09.2019,65.3060000,10.09.2019,2.5940000
16.09.2019,5559.0000000,16.09.2019,2997.9600000,16.09.2019,1505.3000000,16.09.2019,68.0200000,16.09.2019,5833.4509800,16.09.2019,1.1002600,16.09.2019,63.9932000,16.09.2019,2.6760000
17.09.2019,5472.5000000,17.09.2019,3005.7000000,17.09.2019,1509.4000000,17.09.2019,64.1600000,17.09.2019,5791.5630100,17.09.2019,1.1073700,17.09.2019,64.2912000,17.09.2019,2.6590000
18.09.2019,5467.0000000,18.09.2019,3006.7300000,18.09.2019,1504.8000000,18.09.2019,63.5500000,18.09.2019,5759.5958750,18.09.2019,1.1029100,18.09.2019,64.2310000,18.09.2019,2.6310000
25.09.2019,5343.5000000,25.09.2019,2984.8700000,25.09.2019,1515.4000000,25.09.2019,61.5600000,25.09.2019,5759.5958750,25.09.2019,1.0951200,25.09.2019,64.1964000,25.09.2019,2.5100000
26.09.2019,5387.5000000,26.09.2019,2977.6200000,26.09.2019,1503.4000000,26.09.2019,61.6100000,26.09.2019,5681.3315100,26.09.2019,1.0921500,26.09.2019,64.2759000,26.09.2019,2.4470000
02.10.2019,5410.0000000,02.10.2019,2887.6100000,02.10.2019,1508.5000000,02.10.2019,57.5200000,02.10.2019,5668.1037300,02.10.2019,1.0960200,02.10.2019,65.2275000,02.10.2019,2.2600000
03.10.2019,5362.5000000,03.10.2019,2910.6300000,03.10.2019,1514.7000000,03.10.2019,57.6100000,03.10.2019,5633.9319650,03.10.2019,1.0974100,03.10.2019,65.0900000,03.10.2019,2.3450000
04.10.2019,5335.0000000,04.10.2019,2952.0100000,04.10.2019,1510.3000000,04.10.2019,58.4300000,04.10.2019,5653.7736350,04.10.2019,1.0975000,04.10.2019,64.6543000,04.10.2019,2.3490000
10.10.2019,5318.5000000,10.10.2019,2938.1300000,10.10.2019,1503.6000000,10.10.2019,59.5300000,10.10.2019,5758.4935600,10.10.2019,1.1010600,10.10.2019,64.3957000,10.10.2019,2.2080000
11.10.2019,5425.0000000,11.10.2019,2970.2700000,11.10.2019,1493.5000000,11.10.2019,60.6800000,11.10.2019,5784.9491200,11.10.2019,1.1035600,11.10.2019,64.2110000,11.10.2019,2.2220000
14.10.2019,5450.0000000,14.10.2019,2966.1500000,14.10.2019,1498.6000000,14.10.2019,59.1600000,14.10.2019,5810.3023650,14.10.2019,1.1026000,14.10.2019,64.2500000,14.10.2019,2.2940000
18.10.2019,5720.0000000,18.10.2019,2986.2000000,18.10.2019,1493.4000000,18.10.2019,59.3000000,18.10.2019,5829.0417200,18.10.2019,1.1182000,18.10.2019,63.6790000,18.10.2019,2.3590000
21.10.2019,5768.0000000,21.10.2019,3006.7200000,21.10.2019,1491.3000000,21.10.2019,59.0800000,21.10.2019,5832.3486650,21.10.2019,1.1151700,21.10.2019,63.7503000,21.10.2019,2.2400000
22.10.2019,5860.5000000,22.10.2019,2995.9900000,22.10.2019,1497.7000000,22.10.2019,59.6000000,22.10.2019,5808.0977350,22.10.2019,1.1129000,22.10.2019,63.6345000,22.10.2019,2.2760000
28.10.2019,5916.0000000,28.10.2019,3039.4200000,28.10.2019,1496.3000000,28.10.2019,61.2700000,28.10.2019,5916.1246050,28.10.2019,1.1097400,28.10.2019,63.6689000,28.10.2019,2.4550000
29.10.2019,5820.0000000,29.10.2019,3036.8900000,29.10.2019,1492.5000000,29.10.2019,61.2500000,29.10.2019,5932.6593300,29.10.2019,1.1111000,29.10.2019,63.9600000,29.10.2019,2.6410000
30.10.2019,5850.0000000,30.10.2019,3046.7700000,30.10.2019,1502.9000000,30.10.2019,60.2100000,30.10.2019,5906.2037700,30.10.2019,1.1152000,30.10.2019,63.7602000,30.10.2019,2.6950000
06.11.2019,6140.0000000,06.11.2019,3076.7800000,06.11.2019,1483.1000000,06.11.2019,61.7900000,06.11.2019,5883.0551550,06.11.2019,1.1070100,06.11.2019,63.8234000,06.11.2019,2.8300000
07.11.2019,6133.5000000,07.11.2019,3085.1800000,07.11.2019,1467.4000000,07.11.2019,62.3800000,07.11.2019,5981.1611900,07.11.2019,1.1052400,07.11.2019,63.5236000,07.11.2019,2.7900000
08.11.2019,6040.0000000,08.11.2019,3093.0800000,08.11.2019,1459.8000000,08.11.2019,62.6100000,08.11.2019,5927.1477550,08.11.2019,1.1018900,08.11.2019,63.7933000,08.11.2019,2.7890000
13.11.2019,6050.0000000,13.11.2019,3094.0400000,13.11.2019,1469.0000000,13.11.2019,62.6300000,13.11.2019,5819.1208850,13.11.2019,1.1009600,13.11.2019,64.3094000,13.11.2019,2.6650000
14.11.2019,6084.5000000,14.11.2019,3096.6300000,14.11.2019,1466.0000000,14.11.2019,62.4100000,14.11.2019,5789.3583800,14.11.2019,1.1019300,14.11.2019,63.9066000,14.11.2019,2.6270000
15.11.2019,6161.0000000,15.11.2019,3120.4600000,15.11.2019,1468.7000000,15.11.2019,63.4500000,15.11.2019,5812.5069950,15.11.2019,1.1051200,15.11.2019,63.7620000,15.11.2019,2.6750000
20.11.2019,6084.5000000,20.11.2019,3108.4600000,20.11.2019,1471.2000000,20.11.2019,62.4400000,20.11.2019,5834.5532950,20.11.2019,1.1077900,20.11.2019,63.8008000,20.11.2019,2.5760000
21.11.2019,6087.5000000,21.11.2019,3103.5400000,21.11.2019,1465.1000000,21.11.2019,63.7300000,21.11.2019,5790.4606950,21.11.2019,1.1065600,21.11.2019,63.6838000,21.11.2019,2.5780000
22.11.2019,6120.0000000,22.11.2019,3110.2900000,22.11.2019,1461.5000000,22.11.2019,63.5000000,22.11.2019,5830.1440350,22.11.2019,1.1022000,22.11.2019,63.8220000,22.11.2019,2.6570000
29.11.2019,6137.5000000,29.11.2019,3140.9800000,29.11.2019,1470.4000000,29.11.2019,60.7300000,29.11.2019,5866.5204300,29.11.2019,1.1017300,29.11.2019,64.3533000,29.11.2019,2.3130000
05.12.2019,6121.5000000,05.12.2019,3117.4300000,05.12.2019,1480.6000000,05.12.2019,63.2800000,05.12.2019,5875.3389500,05.12.2019,1.1103900,05.12.2019,63.6970000,05.12.2019,2.4200000
06.12.2019,6220.0000000,06.12.2019,3145.9100000,06.12.2019,1464.5000000,06.12.2019,64.2700000,06.12.2019,6062.7325000,06.12.2019,1.1056400,06.12.2019,63.6500000,06.12.2019,2.3500000
09.12.2019,6182.0000000,09.12.2019,3135.9600000,09.12.2019,1465.6000000,09.12.2019,64.0400000,09.12.2019,6070.4487050,09.12.2019,1.1064300,09.12.2019,63.5000000,09.12.2019,2.2420000
10.12.2019,6095.0000000,10.12.2019,3132.5200000,10.12.2019,1467.9000000,10.12.2019,64.1800000,10.12.2019,6086.9834300,10.12.2019,1.1092400,10.12.2019,63.5000000,10.12.2019,2.2750000
11.12.2019,6110.0000000,11.12.2019,3141.6300000,11.12.2019,1479.1000000,11.12.2019,63.9500000,11.12.2019,6156.4292750,11.12.2019,1.1132700,11.12.2019,63.2885000,11.12.2019,2.2630000
12.12.2019,6136.0000000,12.12.2019,3168.5700000,12.12.2019,1471.4000000,12.12.2019,64.4800000,12.12.2019,6225.8751200,12.12.2019,1.1183200,12.12.2019,62.6906000,12.12.2019,2.3290000
13.12.2019,6168.0000000,13.12.2019,3168.8000000,13.12.2019,1480.3000000,13.12.2019,64.9900000,13.12.2019,6138.7922350,13.12.2019,1.1122300,13.12.2019,62.8392000,13.12.2019,2.3070000
16.12.2019,6190.0000000,16.12.2019,3191.4500000,16.12.2019,1481.6000000,16.12.2019,65.2900000,16.12.2019,6181.7825200,16.12.2019,1.1135500,16.12.2019,62.4775000,16.12.2019,2.3520000
17.12.2019,6226.0000000,17.12.2019,3192.5200000,17.12.2019,1481.4000000,17.12.2019,65.7900000,17.12.2019,6188.3964100,17.12.2019,1.1151400,17.12.2019,62.4350000,17.12.2019,2.3220000
18.12.2019,6250.5000000,18.12.2019,3191.1400000,18.12.2019,1481.7000000,18.12.2019,66.1500000,18.12.2019,6192.8056700,18.12.2019,1.1114700,18.12.2019,62.6728000,18.12.2019,2.2850000
19.12.2019,6079.0000000,19.12.2019,3205.3700000,19.12.2019,1482.9000000,19.12.2019,66.5600000,19.12.2019,6226.9774350,19.12.2019,1.1122800,19.12.2019,62.3050000,19.12.2019,2.2820000
20.12.2019,6079.5000000,20.12.2019,3221.2200000,20.12.2019,1482.4000000,20.12.2019,66.1000000,20.12.2019,6181.7825200,20.12.2019,1.1075900,20.12.2019,62.2230000,20.12.2019,2.3290000
23.12.2019,6082.0000000,23.12.2019,3224.0100000,23.12.2019,1492.7000000,23.12.2019,66.5900000,23.12.2019,6190.6010400,23.12.2019,1.1092000,23.12.2019,62.2980000,23.12.2019,2.2120000
24.12.2019,6080.5000000,24.12.2019,3223.3800000,24.12.2019,1504.4000000,24.12.2019,67.2100000,24.12.2019,6228.0797500,24.12.2019,1.1086600,24.12.2019,61.9684000,24.12.2019,2.1830000
26.12.2019,6085.0000000,26.12.2019,3239.9100000,26.12.2019,1517.6000000,26.12.2019,66.8100000,26.12.2019,6280.9908700,26.12.2019,1.1100300,26.12.2019,62.1725000,26.12.2019,2.2570000
27.12.2019,6150.0000000,27.12.2019,3240.0200000,27.12.2019,1515.6000000,27.12.2019,66.8100000,27.12.2019,6222.5681750,27.12.2019,1.1175400,27.12.2019,62.0120000,27.12.2019,2.1580000
30.12.2019,6169.0000000,30.12.2019,3221.2900000,30.12.2019,1526.4000000,30.12.2019,66.6700000,30.12.2019,6218.1589150,30.12.2019,1.1201000,30.12.2019,61.9862000,30.12.2019,2.1940000
03.01.2020,6294.0000000,03.01.2020,3234.8500000,03.01.2020,1555.2000000,03.01.2020,68.7100000,03.01.2020,6129.9737150,03.01.2020,1.1159800,03.01.2020,62.0933000,03.01.2020,2.1140000
06.01.2020,6382.0000000,06.01.2020,3246.2800000,06.01.2020,1561.0000000,06.01.2020,68.5500000,06.01.2020,6145.4061250,06.01.2020,1.1195300,06.01.2020,61.8106000,06.01.2020,2.1530000
08.01.2020,6496.5000000,08.01.2020,3253.0500000,08.01.2020,1559.2000000,08.01.2020,65.7700000,08.01.2020,6198.3172450,08.01.2020,1.1112700,08.01.2020,61.2710000,08.01.2020,2.1550000
09.01.2020,6430.0000000,09.01.2020,3274.7000000,09.01.2020,1548.1000000,09.01.2020,65.3200000,09.01.2020,6174.0663150,09.01.2020,1.1109200,09.01.2020,61.2910000,09.01.2020,2.1660000
10.01.2020,6490.0000000,10.01.2020,3265.3500000,10.01.2020,1563.2000000,10.01.2020,65.1000000,10.01.2020,6195.0103000,10.01.2020,1.1120000,10.01.2020,61.0140000,10.01.2020,2.2070000
13.01.2020,6530.0000000,13.01.2020,3288.1300000,13.01.2020,1539.5000000,13.01.2020,64.2300000,13.01.2020,6296.4232800,13.01.2020,1.1134300,13.01.2020,61.2220000,13.01.2020,2.1890000
14.01.2020,6520.5000000,14.01.2020,3283.1500000,14.01.2020,1552.6000000,14.01.2020,64.4600000,14.01.2020,6310.7533750,14.01.2020,1.1127500,14.01.2020,61.3686000,14.01.2020,2.1860000
15.01.2020,6552.5000000,15.01.2020,3289.2900000,15.01.2020,1555.9000000,15.01.2020,64.2700000,15.01.2020,6315.1626350,15.01.2020,1.1152200,15.01.2020,61.3660000,15.01.2020,2.1340000
16.01.2020,6590.0000000,16.01.2020,3316.8100000,16.01.2020,1555.8000000,16.01.2020,64.6700000,16.01.2020,6290.9117050,16.01.2020,1.1136900,16.01.2020,61.6375000,16.01.2020,2.0650000
17.01.2020,6685.0000000,17.01.2020,3329.6200000,17.01.2020,1557.3000000,17.01.2020,65.3500000,17.01.2020,6273.2746650,17.01.2020,1.1088000,17.01.2020,61.5550000,17.01.2020,2.0030000
21.01.2020,6708.5000000,21.01.2020,3320.7900000,21.01.2020,1552.9000000,21.01.2020,64.4900000,21.01.2020,6156.4292750,21.01.2020,1.1085100,21.01.2020,61.8736000,21.01.2020,1.9170000
22.01.2020,6655.5000000,22.01.2020,3321.7500000,22.01.2020,1558.4000000,22.01.2020,62.6600000,22.01.2020,6101.3135250,22.01.2020,1.1095700,22.01.2020,61.8956000,22.01.2020,1.9190000
23.01.2020,6590.0000000,23.01.2020,3325.5400000,23.01.2020,1559.1000000,23.01.2020,62.0700000,23.01.2020,6023.0491600,23.01.2020,1.1055100,23.01.2020,61.9160000,23.01.2020,1.9410000
24.01.2020,6620.0000000,24.01.2020,3295.4700000,24.01.2020,1571.3000000,24.01.2020,60.6500000,24.01.2020,5913.9199750,24.01.2020,1.1025100,24.01.2020,62.0733000,24.01.2020,1.8860000
27.01.2020,6545.0000000,27.01.2020,3243.6300000,27.01.2020,1578.6000000,27.01.2020,58.1500000,27.01.2020,5735.3449450,27.01.2020,1.1018800,27.01.2020,62.9190000,27.01.2020,1.9110000
28.01.2020,6650.0000000,28.01.2020,3276.2400000,28.01.2020,1564.5000000,28.01.2020,59.3000000,28.01.2020,5701.1731800,28.01.2020,1.1021700,28.01.2020,62.2383000,28.01.2020,1.9320000
29.01.2020,6633.0000000,29.01.2020,3273.4000000,29.01.2020,1578.7000000,29.01.2020,58.6800000,29.01.2020,5653.7736350,29.01.2020,1.1013700,29.01.2020,62.5167000,29.01.2020,1.8790000
30.01.2020,6443.5000000,30.01.2020,3283.6600000,30.01.2020,1576.1000000,30.01.2020,58.0900000,30.01.2020,5605.2717750,30.01.2020,1.1028400,30.01.2020,63.2212000,30.01.2020,1.8260000
31.01.2020,6550.5000000,31.01.2020,3225.5200000,31.01.2020,1593.6000000,31.01.2020,56.6600000,31.01.2020,5539.1328750,31.01.2020,1.1091700,31.01.2020,63.9510000,31.01.2020,1.8430000
03.02.2020,6594.5000000,03.02.2020,3248.9200000,03.02.2020,1579.3000000,03.02.2020,54.2000000,03.02.2020,5534.7236150,03.02.2020,1.1061000,03.02.2020,63.6730000,03.02.2020,1.8290000
04.02.2020,6500.0000000,04.02.2020,3297.5900000,04.02.2020,1561.0000000,04.02.2020,53.8300000,04.02.2020,5607.4764050,04.02.2020,1.1044600,04.02.2020,62.9070000,04.02.2020,1.8790000
05.02.2020,6550.5000000,05.02.2020,3334.6900000,05.02.2020,1556.7000000,05.02.2020,55.5800000,05.02.2020,5701.1731800,05.02.2020,1.1000400,05.02.2020,62.8530000,05.02.2020,1.8750000
06.02.2020,6506.5000000,06.02.2020,3345.7800000,06.02.2020,1569.3000000,06.02.2020,55.1200000,06.02.2020,5729.8333700,06.02.2020,1.0980700,06.02.2020,63.2900000,06.02.2020,1.8700000
07.02.2020,6450.5000000,07.02.2020,3327.7100000,07.02.2020,1573.8000000,07.02.2020,54.5000000,07.02.2020,5614.0902950,07.02.2020,1.0944000,07.02.2020,64.1390000,07.02.2020,1.8500000
10.02.2020,6410.0000000,10.02.2020,3352.0900000,10.02.2020,1572.1000000,10.02.2020,53.4000000,10.02.2020,5638.3412250,10.02.2020,1.0910100,10.02.2020,64.0880000,10.02.2020,1.7740000
11.02.2020,6397.5000000,11.02.2020,3357.7500000,11.02.2020,1570.4000000,11.02.2020,54.2500000,11.02.2020,5704.4801250,11.02.2020,1.0918900,11.02.2020,63.3490000,11.02.2020,1.7960000
12.02.2020,6466.0000000,12.02.2020,3379.4500000,12.02.2020,1576.7000000,12.02.2020,56.3600000,12.02.2020,5708.8893850,12.02.2020,1.0874700,12.02.2020,63.2970000,12.02.2020,1.8500000
13.02.2020,6470.5000000,13.02.2020,3373.9400000,13.02.2020,1577.6000000,13.02.2020,56.4600000,13.02.2020,5755.1866150,13.02.2020,1.0840300,13.02.2020,63.6080000,13.02.2020,1.8250000
14.02.2020,6451.0000000,14.02.2020,3380.1600000,14.02.2020,1586.9000000,14.02.2020,57.2400000,14.02.2020,5730.9356850,14.02.2020,1.0830100,14.02.2020,63.4940000,14.02.2020,1.8500000
18.02.2020,6378.5000000,18.02.2020,3370.2900000,18.02.2020,1604.8000000,18.02.2020,57.6800000,18.02.2020,5755.1866150,18.02.2020,1.0794700,18.02.2020,63.8460000,18.02.2020,1.9670000
19.02.2020,6509.0000000,19.02.2020,3386.1500000,19.02.2020,1612.3000000,19.02.2020,59.3400000,19.02.2020,5762.9028200,19.02.2020,1.0809600,19.02.2020,63.5680000,19.02.2020,1.9650000
20.02.2020,6543.5000000,20.02.2020,3373.2300000,20.02.2020,1628.9000000,20.02.2020,59.1300000,20.02.2020,5697.8662350,20.02.2020,1.0787500,20.02.2020,64.1620000,20.02.2020,1.8890000
21.02.2020,6450.0000000,21.02.2020,3337.7500000,21.02.2020,1645.9000000,21.02.2020,58.3600000,21.02.2020,5734.2426300,21.02.2020,1.0847100,21.02.2020,64.0455000,21.02.2020,1.9060000
25.02.2020,6165.0000000,25.02.2020,3128.2100000,25.02.2020,1643.3000000,25.02.2020,54.2700000,25.02.2020,5659.2852100,25.02.2020,1.0879500,25.02.2020,65.3039000,25.02.2020,1.8450000
26.02.2020,6256.5000000,26.02.2020,3116.3900000,26.02.2020,1654.2000000,26.02.2020,52.8600000,26.02.2020,5651.5690050,26.02.2020,1.0886200,26.02.2020,65.4650000,26.02.2020,1.8090000
27.02.2020,6000.0000000,27.02.2020,2978.7600000,27.02.2020,1640.4000000,27.02.2020,50.9500000,27.02.2020,5667.0014150,27.02.2020,1.0996300,27.02.2020,66.3084000,27.02.2020,1.7430000
28.02.2020,5699.5000000,28.02.2020,2954.2200000,28.02.2020,1587.3000000,28.02.2020,50.0900000,28.02.2020,5609.6810350,28.02.2020,1.1028900,28.02.2020,66.7112000,28.02.2020,1.7010000
02.03.2020,5550.0000000,02.03.2020,3090.2300000,02.03.2020,1600.9000000,02.03.2020,53.0600000,02.03.2020,5761.8005050,02.03.2020,1.1144300,02.03.2020,66.3840000,02.03.2020,1.7740000
03.03.2020,5782.0000000,03.03.2020,3003.3700000,03.03.2020,1644.0000000,03.03.2020,51.6000000,03.03.2020,5689.0477150,03.03.2020,1.1176500,03.03.2020,66.1911000,03.03.2020,1.8090000
04.03.2020,5908.5000000,04.03.2020,3130.1200000,04.03.2020,1640.4000000,04.03.2020,51.5100000,04.03.2020,5707.7870700,04.03.2020,1.1138000,04.03.2020,66.1960000,04.03.2020,1.8370000
05.03.2020,5862.5000000,05.03.2020,3023.9400000,05.03.2020,1679.1000000,05.03.2020,50.1800000,05.03.2020,5673.6153050,05.03.2020,1.1222500,05.03.2020,67.5510000,05.03.2020,1.7650000
06.03.2020,5592.0000000,06.03.2020,2972.3700000,06.03.2020,1674.2000000,06.03.2020,45.5000000,06.03.2020,5630.6250200,06.03.2020,1.1285000,06.03.2020,68.5302000,06.03.2020,1.7310000
10.03.2020,4549.0000000,10.03.2020,2882.2300000,10.03.2020,1659.0000000,10.03.2020,37.7800000,10.03.2020,5584.3277900,10.03.2020,1.1313600,10.03.2020,71.2490000,10.03.2020,1.9460000
11.03.2020,4908.0000000,11.03.2020,2741.3800000,11.03.2020,1636.8000000,11.03.2020,35.8400000,11.03.2020,5452.0499900,11.03.2020,1.1260500,11.03.2020,72.4516000,11.03.2020,1.8710000
12.03.2020,4511.5000000,12.03.2020,2480.6400000,12.03.2020,1559.7000000,12.03.2020,32.7600000,12.03.2020,5377.0925700,12.03.2020,1.1182200,12.03.2020,74.9831000,12.03.2020,1.8250000
13.03.2020,4414.0000000,13.03.2020,2711.0200000,13.03.2020,1528.9000000,13.03.2020,34.9700000,13.03.2020,5497.2449050,13.03.2020,1.1105000,13.03.2020,72.4305000,13.03.2020,1.8830000
16.03.2020,4251.0000000,16.03.2020,2386.1300000,16.03.2020,1501.1000000,16.03.2020,29.8400000,16.03.2020,5281.1911650,16.03.2020,1.1163600,16.03.2020,74.2693000,16.03.2020,1.8040000
17.03.2020,4168.5000000,17.03.2020,2529.1900000,17.03.2020,1533.0000000,17.03.2020,28.8500000,17.03.2020,5103.7184500,17.03.2020,1.1016100,17.03.2020,75.1251000,17.03.2020,1.7110000
18.03.2020,3754.0000000,18.03.2020,2398.1000000,18.03.2020,1470.7000000,18.03.2020,26.4200000,18.03.2020,4824.8327550,18.03.2020,1.0943000,18.03.2020,81.0824000,18.03.2020,1.6520000
19.03.2020,4333.0000000,19.03.2020,2409.3900000,19.03.2020,1485.9000000,19.03.2020,28.1000000,19.03.2020,4762.0008000,19.03.2020,1.0654100,19.03.2020,78.9120000,19.03.2020,1.6330000
20.03.2020,4472.5000000,20.03.2020,2304.9200000,20.03.2020,1501.1000000,20.03.2020,27.2100000,20.03.2020,4746.5683900,20.03.2020,1.0692900,20.03.2020,80.0139000,20.03.2020,1.5770000
23.03.2020,4175.5000000,23.03.2020,2237.4000000,23.03.2020,1591.1000000,23.03.2020,27.5200000,23.03.2020,4669.4063400,23.03.2020,1.0763200,23.03.2020,79.3661000,23.03.2020,1.6060000
24.03.2020,4494.0000000,24.03.2020,2447.3300000,24.03.2020,1672.0000000,24.03.2020,27.7100000,24.03.2020,4843.5721100,24.03.2020,1.0797800,24.03.2020,78.2055000,24.03.2020,1.6750000
25.03.2020,4590.0000000,25.03.2020,2475.5600000,25.03.2020,1629.1000000,25.03.2020,30.0500000,25.03.2020,4859.0045200,25.03.2020,1.0888000,25.03.2020,78.3037000,25.03.2020,1.6640000
26.03.2020,4700.0000000,26.03.2020,2630.0700000,26.03.2020,1639.5000000,26.03.2020,29.3100000,26.03.2020,4824.8327550,26.03.2020,1.1046900,26.03.2020,77.3360000,26.03.2020,1.6390000
27.03.2020,4430.0000000,27.03.2020,2541.4700000,27.03.2020,1630.6000000,27.03.2020,28.2500000,27.03.2020,4777.4332100,27.03.2020,1.1140000,27.03.2020,78.7206000,27.03.2020,1.6340000
30.03.2020,4459.0000000,30.03.2020,2626.6500000,30.03.2020,1637.2000000,30.03.2020,26.4500000,30.03.2020,4785.1494150,30.03.2020,1.1029200,30.03.2020,79.6015000,30.03.2020,1.6990000
31.03.2020,4715.0000000,31.03.2020,2584.5900000,31.03.2020,1596.9000000,31.03.2020,25.9200000,31.03.2020,4877.7438750,31.03.2020,1.1026300,31.03.2020,78.3620000,31.03.2020,1.6490000
01.04.2020,4674.5000000,01.04.2020,2470.5000000,01.04.2020,1598.7000000,01.04.2020,25.6000000,01.04.2020,4788.4563600,01.04.2020,1.0950000,01.04.2020,78.6360000,01.04.2020,1.5880000
02.04.2020,5050.0000000,02.04.2020,2526.9000000,02.04.2020,1634.6000000,02.04.2020,29.6900000,02.04.2020,4893.1762850,02.04.2020,1.0845600,02.04.2020,76.9690000,02.04.2020,1.5600000
03.04.2020,5204.5000000,03.04.2020,2488.6500000,03.04.2020,1648.8000000,03.04.2020,34.6500000,03.04.2020,4800.5818250,03.04.2020,1.0812400,03.04.2020,76.4500000,03.04.2020,1.6590000
06.04.2020,5163.0000000,06.04.2020,2663.6800000,06.04.2020,1712.5000000,06.04.2020,33.2700000,06.04.2020,4898.6878600,06.04.2020,1.0798900,06.04.2020,75.9684000,06.04.2020,1.7730000
07.04.2020,5118.0000000,07.04.2020,2659.4100000,07.04.2020,1683.3000000,07.04.2020,32.4000000,07.04.2020,4963.7244450,07.04.2020,1.0893100,07.04.2020,75.3916000,07.04.2020,1.8880000
08.04.2020,5140.0000000,08.04.2020,2749.9800000,08.04.2020,1684.4000000,08.04.2020,33.6400000,08.04.2020,5024.3517700,08.04.2020,1.0859600,08.04.2020,75.0788000,08.04.2020,1.7970000
09.04.2020,5201.0000000,09.04.2020,2789.8200000,09.04.2020,1740.6000000,09.04.2020,32.0300000,09.04.2020,5004.5101000,09.04.2020,1.0922300,09.04.2020,74.3788000,09.04.2020,1.7460000
13.04.2020,5040.0000000,13.04.2020,2761.6300000,13.04.2020,1780.5000000,13.04.2020,31.8600000,13.04.2020,5132.3786400,13.04.2020,1.0919400,13.04.2020,72.8910000,13.04.2020,1.7340000
14.04.2020,4844.0000000,14.04.2020,2846.0600000,14.04.2020,1754.4000000,14.04.2020,30.0900000,14.04.2020,5123.5601200,14.04.2020,1.0982000,14.04.2020,73.0270000,14.04.2020,1.6360000
15.04.2020,4484.0000000,15.04.2020,2783.3600000,15.04.2020,1743.1000000,15.04.2020,28.0000000,15.04.2020,5050.8073300,15.04.2020,1.0903700,15.04.2020,74.9255000,15.04.2020,1.5820000
16.04.2020,4561.5000000,16.04.2020,2799.5500000,16.04.2020,1720.2000000,16.04.2020,28.5000000,16.04.2020,5136.7879000,16.04.2020,1.0857000,16.04.2020,73.6675000,16.04.2020,1.7120000
17.04.2020,4620.0000000,17.04.2020,2874.5600000,17.04.2020,1694.5000000,17.04.2020,28.2500000,17.04.2020,5157.7318850,17.04.2020,1.0873500,17.04.2020,73.8420000,17.04.2020,1.7620000
20.04.2020,4522.5000000,20.04.2020,2823.1600000,20.04.2020,1705.5000000,20.04.2020,26.1300000,20.04.2020,5091.5929850,20.04.2020,1.0863600,20.04.2020,75.4889000,20.04.2020,1.9520000
21.04.2020,4475.0000000,21.04.2020,2736.5600000,21.04.2020,1701.2000000,21.04.2020,19.5000000,21.04.2020,4950.4966650,21.04.2020,1.0855300,21.04.2020,77.1376000,21.04.2020,1.8350000
22.04.2020,4810.5000000,22.04.2020,2799.3100000,22.04.2020,1734.2000000,22.04.2020,20.8800000,22.04.2020,5028.7610300,22.04.2020,1.0806300,22.04.2020,75.8681000,22.04.2020,1.9380000
23.04.2020,4902.5000000,23.04.2020,2797.8000000,23.04.2020,1746.0000000,23.04.2020,21.6300000,23.04.2020,5078.3652050,23.04.2020,1.0773500,23.04.2020,74.7168000,23.04.2020,1.8010000
24.04.2020,4745.5000000,24.04.2020,2836.7000000,24.04.2020,1745.7000000,24.04.2020,21.8000000,24.04.2020,5195.2105950,24.04.2020,1.0824200,24.04.2020,74.4251000,24.04.2020,1.7100000
27.04.2020,4650.0000000,27.04.2020,2878.4800000,27.04.2020,1713.0000000,27.04.2020,23.0000000,27.04.2020,5165.4480900,27.04.2020,1.0824100,27.04.2020,74.4238000,27.04.2020,1.8700000
28.04.2020,4738.5000000,28.04.2020,2863.3900000,28.04.2020,1726.1000000,28.04.2020,23.1600000,28.04.2020,5148.9133650,28.04.2020,1.0831400,28.04.2020,74.2250000,28.04.2020,1.9540000
29.04.2020,4897.0000000,29.04.2020,2939.5100000,29.04.2020,1729.4000000,29.04.2020,24.4000000,29.04.2020,5240.4055100,29.04.2020,1.0875800,29.04.2020,73.0907000,29.04.2020,1.8750000
30.04.2020,4826.5000000,30.04.2020,2912.4300000,30.04.2020,1693.7000000,30.04.2020,26.6600000,30.04.2020,5116.9462300,30.04.2020,1.0943900,30.04.2020,74.3302000,30.04.2020,1.9370000
04.05.2020,4848.5000000,04.05.2020,2842.7400000,04.05.2020,1704.0000000,04.05.2020,27.9700000,04.05.2020,5112.5369700,04.05.2020,1.0902300,04.05.2020,74.4150000,04.05.2020,2.0600000
05.05.2020,4975.0000000,05.05.2020,2868.4400000,05.05.2020,1710.8000000,05.05.2020,31.9800000,05.05.2020,5150.0156800,05.05.2020,1.0838300,05.05.2020,73.7604000,05.05.2020,2.1000000
06.05.2020,4857.5000000,06.05.2020,2848.4200000,06.05.2020,1695.3000000,06.05.2020,29.8400000,06.05.2020,5156.6295700,06.05.2020,1.0797800,06.05.2020,74.5723000,06.05.2020,1.9460000
07.05.2020,4839.0000000,07.05.2020,2881.1900000,07.05.2020,1727.1000000,07.05.2020,29.3700000,07.05.2020,5250.3263450,07.05.2020,1.0834800,07.05.2020,73.9578000,07.05.2020,1.9170000
08.05.2020,4832.0000000,08.05.2020,2929.8000000,08.05.2020,1704.8000000,08.05.2020,30.8600000,08.05.2020,5324.1814500,08.05.2020,1.0837900,08.05.2020,73.3200000,08.05.2020,1.8250000
12.05.2020,4897.5000000,12.05.2020,2870.1200000,12.05.2020,1705.6000000,12.05.2020,29.4700000,12.05.2020,5161.0388300,12.05.2020,1.0845300,12.05.2020,73.5625000,12.05.2020,1.7020000
13.05.2020,4819.0000000,13.05.2020,2822.1400000,13.05.2020,1721.8000000,13.05.2020,29.5000000,13.05.2020,5186.3920750,13.05.2020,1.0820700,13.05.2020,74.0383000,13.05.2020,1.6330000
14.05.2020,4870.0000000,14.05.2020,2852.5000000,14.05.2020,1742.6000000,14.05.2020,31.4500000,14.05.2020,5201.8244850,14.05.2020,1.0805600,14.05.2020,73.7869000,14.05.2020,1.6980000
15.05.2020,4874.5000000,15.05.2020,2863.7000000,15.05.2020,1754.1000000,15.05.2020,32.7400000,15.05.2020,5140.0948450,15.05.2020,1.0817900,15.05.2020,73.3377000,15.05.2020,1.6360000
18.05.2020,5170.5000000,18.05.2020,2953.9100000,18.05.2020,1740.2000000,18.05.2020,35.5700000,18.05.2020,5361.6601600,18.05.2020,1.0913700,18.05.2020,72.6512000,18.05.2020,1.7840000
19.05.2020,5272.0000000,19.05.2020,2922.9400000,19.05.2020,1755.0000000,19.05.2020,34.5500000,19.05.2020,5305.4420950,19.05.2020,1.0926000,19.05.2020,72.5238000,19.05.2020,1.8180000
20.05.2020,5450.0000000,20.05.2020,2971.5500000,20.05.2020,1742.2000000,20.05.2020,35.8400000,20.05.2020,5421.1851700,20.05.2020,1.0978900,20.05.2020,71.1812000,20.05.2020,1.7700000
21.05.2020,5286.0000000,21.05.2020,2948.5100000,21.05.2020,1728.3000000,21.05.2020,35.9500000,21.05.2020,5352.8416400,21.05.2020,1.0949000,21.05.2020,70.7070000,21.05.2020,1.7200000
22.05.2020,5317.0000000,22.05.2020,2955.4500000,22.05.2020,1734.7000000,22.05.2020,35.1200000,22.05.2020,5272.3726450,22.05.2020,1.0900000,22.05.2020,71.4480000,22.05.2020,1.7450000
26.05.2020,5445.0000000,26.05.2020,2992.0000000,26.05.2020,1698.3000000,26.05.2020,36.6600000,26.05.2020,5313.1583000,26.05.2020,1.0978000,26.05.2020,70.8018000,26.05.2020,1.7780000
27.05.2020,5352.5000000,27.05.2020,3036.1300000,27.05.2020,1711.3000000,27.05.2020,35.0100000,27.05.2020,5260.2471800,27.05.2020,1.1016400,27.05.2020,70.8506000,27.05.2020,1.8720000
28.05.2020,5392.0000000,28.05.2020,3029.6500000,28.05.2020,1732.8000000,28.05.2020,36.1900000,28.05.2020,5308.7490400,28.05.2020,1.1077800,28.05.2020,70.4083000,28.05.2020,1.8300000
29.05.2020,5242.5000000,29.05.2020,3049.1400000,29.05.2020,1743.0000000,29.05.2020,37.6100000,29.05.2020,5382.6041450,29.05.2020,1.1106900,29.05.2020,70.1716000,29.05.2020,1.8400000
01.06.2020,5318.0000000,01.06.2020,3055.7300000,01.06.2020,1752.3000000,01.06.2020,38.6100000,01.06.2020,5443.2314700,01.06.2020,1.1125000,01.06.2020,68.9300000,01.06.2020,1.7850000
02.06.2020,5400.0000000,02.06.2020,3080.8200000,02.06.2020,1728.9000000,02.06.2020,39.5800000,02.06.2020,5496.1425900,02.06.2020,1.1184000,02.06.2020,68.6240000,02.06.2020,1.7780000
03.06.2020,5549.5000000,03.06.2020,3122.8700000,03.06.2020,1704.8000000,03.06.2020,39.4500000,03.06.2020,5455.3569350,03.06.2020,1.1233600,03.06.2020,68.4742000,03.06.2020,1.8180000
04.06.2020,5430.0000000,04.06.2020,3112.3500000,04.06.2020,1715.4000000,04.06.2020,39.8900000,04.06.2020,5482.9148100,04.06.2020,1.1335300,04.06.2020,69.0662000,04.06.2020,1.8240000
05.06.2020,5460.0000000,05.06.2020,3193.9300000,05.06.2020,1688.6000000,05.06.2020,42.0700000,05.06.2020,5600.8625150,05.06.2020,1.1287300,05.06.2020,68.5768000,05.06.2020,1.8000000
08.06.2020,5372.0000000,08.06.2020,3232.3900000,08.06.2020,1701.3000000,08.06.2020,40.8000000,08.06.2020,5698.9685500,08.06.2020,1.1303000,08.06.2020,68.0675000,08.06.2020,1.8160000
09.06.2020,5425.0000000,09.06.2020,3207.1800000,09.06.2020,1722.8000000,09.06.2020,40.8700000,09.06.2020,5734.2426300,09.06.2020,1.1331000,09.06.2020,68.5633000,09.06.2020,1.7350000
10.06.2020,5342.0000000,10.06.2020,3190.1400000,10.06.2020,1741.3000000,10.06.2020,41.3600000,10.06.2020,5895.1806200,10.06.2020,1.1366500,10.06.2020,68.4244000,10.06.2020,1.7940000
11.06.2020,5350.0000000,11.06.2020,3002.1000000,11.06.2020,1731.7000000,11.06.2020,38.3300000,11.06.2020,5678.0245650,11.06.2020,1.1286500,11.06.2020,70.0805000,11.06.2020,1.8170000
15.06.2020,5264.0000000,15.06.2020,3066.5900000,15.06.2020,1732.7000000,15.06.2020,39.8900000,15.06.2020,5704.4801250,15.06.2020,1.1337300,15.06.2020,69.5338000,15.06.2020,1.6660000
16.06.2020,5392.0000000,16.06.2020,3124.7400000,16.06.2020,1733.0000000,16.06.2020,40.7400000,16.06.2020,5649.3643750,16.06.2020,1.1263100,16.06.2020,69.4352000,16.06.2020,1.6130000
17.06.2020,5343.0000000,17.06.2020,3113.4900000,17.06.2020,1734.9000000,17.06.2020,40.5400000,17.06.2020,5705.5824400,17.06.2020,1.1241600,17.06.2020,69.6417000,17.06.2020,1.6300000
18.06.2020,5347.0000000,18.06.2020,3115.3400000,18.06.2020,1734.8000000,18.06.2020,41.4300000,18.06.2020,5728.7310550,18.06.2020,1.1207200,18.06.2020,69.6940000,18.06.2020,1.6390000
19.06.2020,5460.0000000,19.06.2020,3097.7400000,19.06.2020,1756.2000000,19.06.2020,41.9200000,19.06.2020,5744.1634650,19.06.2020,1.1176000,19.06.2020,69.3250000,19.06.2020,1.6680000
22.06.2020,5469.0000000,22.06.2020,3117.8600000,22.06.2020,1763.2000000,22.06.2020,43.0200000,22.06.2020,5862.1111700,22.06.2020,1.1277800,22.06.2020,68.8890000,22.06.2020,1.6560000
23.06.2020,5452.0000000,23.06.2020,3131.2900000,23.06.2020,1784.8000000,23.06.2020,42.4000000,23.06.2020,5843.3718150,23.06.2020,1.1312400,23.06.2020,68.7487000,23.06.2020,1.6270000
25.06.2020,5394.0000000,25.06.2020,3083.7600000,25.06.2020,1770.4000000,25.06.2020,41.4000000,25.06.2020,5878.6458950,25.06.2020,1.1216300,25.06.2020,69.0666000,25.06.2020,1.4410000
26.06.2020,5321.5000000,26.06.2020,3009.0500000,26.06.2020,1784.8000000,26.06.2020,40.6400000,26.06.2020,5858.8042250,26.06.2020,1.1217600,26.06.2020,69.7700000,26.06.2020,1.4950000
29.06.2020,5315.0000000,29.06.2020,3053.2400000,29.06.2020,1782.8000000,29.06.2020,41.8500000,29.06.2020,5958.0125750,29.06.2020,1.1246600,29.06.2020,70.1453000,29.06.2020,1.7160000
30.06.2020,5313.0000000,30.06.2020,3100.2900000,30.06.2020,1802.0000000,30.06.2020,41.6300000,30.06.2020,6017.5375850,30.06.2020,1.1233000,30.06.2020,71.1907000,30.06.2020,1.7220000
02.07.2020,5416.0000000,02.07.2020,3130.0100000,02.07.2020,1787.6000000,02.07.2020,42.9200000,02.07.2020,6057.2209250,02.07.2020,1.1237200,02.07.2020,70.4667000,02.07.2020,1.7230000
06.07.2020,5483.5000000,06.07.2020,3179.7200000,06.07.2020,1794.8000000,06.07.2020,43.1200000,06.07.2020,6156.4292750,06.07.2020,1.1311500,06.07.2020,71.8073000,06.07.2020,1.8710000
07.07.2020,5464.0000000,07.07.2020,3145.3200000,07.07.2020,1806.5000000,07.07.2020,43.0100000,07.07.2020,6145.4061250,07.07.2020,1.1273600,07.07.2020,71.2760000,07.07.2020,1.8780000
08.07.2020,5457.0000000,08.07.2020,3169.9400000,08.07.2020,1821.2000000,08.07.2020,43.3700000,08.07.2020,6225.8751200,08.07.2020,1.1336900,08.07.2020,71.0790000,08.07.2020,1.8280000
09.07.2020,5087.0000000,09.07.2020,3152.0500000,09.07.2020,1806.2000000,09.07.2020,42.3500000,09.07.2020,6267.7630900,09.07.2020,1.1287100,09.07.2020,70.6050000,09.07.2020,1.7840000
10.07.2020,5098.0000000,10.07.2020,3185.0400000,10.07.2020,1801.8000000,10.07.2020,43.1700000,10.07.2020,6423.1895050,10.07.2020,1.1297300,10.07.2020,70.8028000,10.07.2020,1.8190000
13.07.2020,4926.5000000,13.07.2020,3155.2200000,13.07.2020,1800.0000000,13.07.2020,42.2100000,13.07.2020,6446.3381200,13.07.2020,1.1343800,13.07.2020,70.9100000,13.07.2020,1.7230000
14.07.2020,4884.0000000,14.07.2020,3197.5200000,14.07.2020,1811.9000000,14.07.2020,43.1100000,14.07.2020,6534.5233200,14.07.2020,1.1408000,14.07.2020,70.7830000,14.07.2020,1.7530000
15.07.2020,4949.5000000,15.07.2020,3226.5600000,15.07.2020,1812.5000000,15.07.2020,43.6400000,15.07.2020,6371.3807000,15.07.2020,1.1416800,15.07.2020,71.0064000,15.07.2020,1.7860000
16.07.2020,4944.5000000,16.07.2020,3215.5700000,16.07.2020,1798.4000000,16.07.2020,43.4000000,16.07.2020,6382.4038500,16.07.2020,1.1387800,16.07.2020,71.5576000,16.07.2020,1.7230000
17.07.2020,4946.5000000,17.07.2020,3224.7300000,17.07.2020,1812.1000000,17.07.2020,43.1000000,17.07.2020,6396.7339450,17.07.2020,1.1425300,17.07.2020,71.8866000,17.07.2020,1.7050000
20.07.2020,4937.0000000,20.07.2020,3251.8400000,20.07.2020,1822.2000000,20.07.2020,43.1800000,20.07.2020,6449.6450650,20.07.2020,1.1454900,20.07.2020,71.2010000,20.07.2020,1.6470000
21.07.2020,4953.0000000,21.07.2020,3257.3000000,21.07.2020,1858.5000000,21.07.2020,43.9600000,21.07.2020,6555.4673050,21.07.2020,1.1534100,21.07.2020,70.5840000,21.07.2020,1.6650000
22.07.2020,5037.0000000,22.07.2020,3276.0200000,22.07.2020,1867.9000000,22.07.2020,44.2800000,22.07.2020,6441.9288600,22.07.2020,1.1563600,22.07.2020,71.1632000,22.07.2020,1.6900000
23.07.2020,4974.0000000,23.07.2020,3235.6600000,23.07.2020,1889.0000000,23.07.2020,43.3400000,23.07.2020,6449.6450650,23.07.2020,1.1594500,23.07.2020,71.3026000,23.07.2020,1.7800000
24.07.2020,4987.0000000,24.07.2020,3215.6300000,24.07.2020,1900.3000000,24.07.2020,43.4200000,24.07.2020,6380.1992200,24.07.2020,1.1656000,24.07.2020,71.5330000,24.07.2020,1.7940000
27.07.2020,5013.5000000,27.07.2020,3239.4100000,27.07.2020,1935.7000000,27.07.2020,43.9500000,27.07.2020,6427.5987650,27.07.2020,1.1768200,27.07.2020,71.5685000,27.07.2020,1.7310000
28.07.2020,5023.0000000,28.07.2020,3218.4400000,28.07.2020,1950.4000000,28.07.2020,43.6500000,28.07.2020,6408.8594100,28.07.2020,1.1718000,28.07.2020,72.4942000,28.07.2020,1.7930000
29.07.2020,5184.5000000,29.07.2020,3258.4400000,29.07.2020,1959.7000000,29.07.2020,44.1000000,29.07.2020,6461.7705300,29.07.2020,1.1780700,29.07.2020,72.5179000,29.07.2020,1.9190000
30.07.2020,5115.0000000,30.07.2020,3246.2200000,30.07.2020,1988.0000000,30.07.2020,43.6000000,30.07.2020,6434.2126550,30.07.2020,1.1871700,30.07.2020,73.6981000,30.07.2020,1.8450000
31.07.2020,5087.5000000,31.07.2020,3271.1200000,31.07.2020,1994.0000000,31.07.2020,43.7100000,31.07.2020,6304.1394850,31.07.2020,1.1771000,31.07.2020,74.2200000,31.07.2020,1.8160000
03.08.2020,5037.0000000,03.08.2020,3294.6100000,03.08.2020,1991.1000000,03.08.2020,43.8800000,03.08.2020,6424.2918200,03.08.2020,1.1760300,03.08.2020,73.0679000,03.08.2020,2.1410000
04.08.2020,5038.5000000,04.08.2020,3306.5100000,04.08.2020,2031.3000000,04.08.2020,44.3600000,04.08.2020,6401.1432050,04.08.2020,1.1813300,04.08.2020,73.3490000,04.08.2020,2.1790000
05.08.2020,5136.0000000,05.08.2020,3327.7700000,05.08.2020,2057.3000000,05.08.2020,45.3300000,05.08.2020,6433.1103400,05.08.2020,1.1872000,05.08.2020,72.8229000,05.08.2020,2.2180000
06.08.2020,5130.0000000,06.08.2020,3349.1600000,06.08.2020,2066.3000000,06.08.2020,45.1200000,06.08.2020,6427.5987650,06.08.2020,1.1874500,06.08.2020,73.2005000,06.08.2020,2.1570000
07.08.2020,5088.0000000,07.08.2020,3351.2800000,07.08.2020,2046.1000000,07.08.2020,44.6900000,07.08.2020,6154.2246450,07.08.2020,1.1787000,07.08.2020,73.7130000,07.08.2020,2.2550000
10.08.2020,5112.0000000,10.08.2020,3360.4700000,10.08.2020,2029.2000000,10.08.2020,44.9600000,10.08.2020,6317.3672650,10.08.2020,1.1735100,10.08.2020,73.5367000,10.08.2020,2.1560000
11.08.2020,5170.0000000,11.08.2020,3333.6900000,11.08.2020,1895.4000000,11.08.2020,44.5400000,11.08.2020,6295.3209650,11.08.2020,1.1734700,11.08.2020,73.0090000,11.08.2020,2.1430000
12.08.2020,5303.0000000,12.08.2020,3380.3500000,12.08.2020,1945.0000000,12.08.2020,45.3200000,12.08.2020,6354.8459750,12.08.2020,1.1793800,12.08.2020,73.6931000,12.08.2020,2.1560000
13.08.2020,5312.0000000,13.08.2020,3373.4300000,13.08.2020,1957.5000000,13.08.2020,45.1200000,13.08.2020,6164.1454800,13.08.2020,1.1815300,13.08.2020,72.8090000,13.08.2020,2.1770000
14.08.2020,5284.5000000,14.08.2020,3372.8500000,14.08.2020,1953.7000000,14.08.2020,44.9500000,14.08.2020,6310.7533750,14.08.2020,1.1840800,14.08.2020,72.8456000,14.08.2020,2.3450000
17.08.2020,5281.5000000,17.08.2020,3381.9900000,17.08.2020,2000.2000000,17.08.2020,45.3100000,17.08.2020,6398.9385750,17.08.2020,1.1874500,17.08.2020,73.6417000,17.08.2020,2.3460000
18.08.2020,5268.5000000,18.08.2020,3389.7800000,18.08.2020,2002.5000000,18.08.2020,45.0100000,18.08.2020,6564.2858250,18.08.2020,1.1946200,18.08.2020,73.0241000,18.08.2020,2.4300000
19.08.2020,5246.5000000,19.08.2020,3374.8500000,19.08.2020,1956.7000000,19.08.2020,45.2100000,19.08.2020,6608.3784250,19.08.2020,1.1843600,19.08.2020,73.1590000,19.08.2020,2.4310000
20.08.2020,5137.5000000,20.08.2020,3385.5100000,20.08.2020,1957.6000000,20.08.2020,44.8500000,20.08.2020,6603.9691650,20.08.2020,1.1869600,20.08.2020,73.8813000,20.08.2020,2.3700000
21.08.2020,5092.5000000,21.08.2020,3397.1600000,21.08.2020,1947.4000000,21.08.2020,44.2600000,21.08.2020,6450.7473800,21.08.2020,1.1795800,21.08.2020,74.7692000,21.08.2020,2.4410000
24.08.2020,5186.0000000,24.08.2020,3431.2800000,24.08.2020,1942.5000000,24.08.2020,45.0500000,24.08.2020,6448.5427500,24.08.2020,1.1792600,24.08.2020,74.3820000,24.08.2020,2.5230000
25.08.2020,5220.0000000,25.08.2020,3443.6200000,25.08.2020,1930.9000000,25.08.2020,46.5000000,25.08.2020,6480.5098850,25.08.2020,1.1833900,25.08.2020,75.2430000,25.08.2020,2.4800000
26.08.2020,5278.0000000,26.08.2020,3478.7300000,26.08.2020,1950.6000000,26.08.2020,46.2900000,26.08.2020,6559.8765650,26.08.2020,1.1839100,26.08.2020,75.3630000,26.08.2020,2.4190000
27.08.2020,5174.0000000,27.08.2020,3484.5500000,27.08.2020,1947.5000000,27.08.2020,45.6500000,27.08.2020,6558.7742500,27.08.2020,1.1820400,27.08.2020,74.9927000,27.08.2020,2.6900000
28.08.2020,5082.0000000,28.08.2020,3508.0100000,28.08.2020,1972.6000000,28.08.2020,45.9400000,28.08.2020,6633.7316700,28.08.2020,1.1900800,28.08.2020,73.9780000,28.08.2020,2.6540000
31.08.2020,4991.0000000,31.08.2020,3500.3100000,31.08.2020,1992.8000000,31.08.2020,45.5700000,31.08.2020,6726.3261300,31.08.2020,1.1935700,31.08.2020,73.8464000,31.08.2020,2.6430000
01.09.2020,4949.0000000,01.09.2020,3526.6500000,01.09.2020,1971.0000000,01.09.2020,45.7700000,01.09.2020,6665.6988050,01.09.2020,1.1922300,01.09.2020,73.5924000,01.09.2020,2.5160000
02.09.2020,4852.0000000,02.09.2020,3580.8400000,02.09.2020,1951.5000000,02.09.2020,44.3900000,02.09.2020,6682.2335300,02.09.2020,1.1845200,02.09.2020,75.4758000,02.09.2020,2.4820000
03.09.2020,4814.0000000,03.09.2020,3455.0600000,03.09.2020,1943.1000000,03.09.2020,44.0000000,03.09.2020,6549.9557300,03.09.2020,1.1840700,03.09.2020,75.1020000,03.09.2020,2.4780000
04.09.2020,4858.0000000,04.09.2020,3426.9600000,04.09.2020,1940.9000000,04.09.2020,42.3500000,04.09.2020,6784.7488250,04.09.2020,1.1838900,04.09.2020,75.2863000,04.09.2020,2.5790000
08.09.2020,4719.5000000,08.09.2020,3331.8400000,08.09.2020,1937.1000000,08.09.2020,39.7800000,08.09.2020,6638.1409300,08.09.2020,1.1766500,08.09.2020,76.0100000,08.09.2020,2.3660000
09.09.2020,4709.0000000,09.09.2020,3398.9600000,09.09.2020,1955.3000000,09.09.2020,40.6200000,09.09.2020,6737.3492800,09.09.2020,1.1803500,09.09.2020,75.3357000,09.09.2020,2.3900000
10.09.2020,4661.0000000,10.09.2020,3339.1900000,10.09.2020,1947.6000000,10.09.2020,39.7200000,10.09.2020,6574.2066600,10.09.2020,1.1823100,10.09.2020,75.1700000,10.09.2020,2.3130000
11.09.2020,4725.5000000,11.09.2020,3340.9700000,11.09.2020,1948.1000000,11.09.2020,39.9200000,11.09.2020,6707.5867750,11.09.2020,1.1845300,11.09.2020,74.7700000,11.09.2020,2.2500000
14.09.2020,4752.5000000,14.09.2020,3383.5400000,14.09.2020,1974.7000000,14.09.2020,39.6900000,14.09.2020,6764.9071550,14.09.2020,1.1866100,14.09.2020,75.2691000,14.09.2020,2.2990000
15.09.2020,4876.0000000,15.09.2020,3401.2000000,15.09.2020,1967.3000000,15.09.2020,40.6800000,15.09.2020,6734.0423350,15.09.2020,1.1841100,15.09.2020,74.9310000,15.09.2020,2.3630000
16.09.2020,4863.5000000,16.09.2020,3385.4900000,16.09.2020,1946.1000000,16.09.2020,42.3300000,16.09.2020,6760.4978950,16.09.2020,1.1804300,16.09.2020,74.8338000,16.09.2020,2.2600000
17.09.2020,4793.5000000,17.09.2020,3357.0100000,17.09.2020,1959.3000000,17.09.2020,43.2600000,17.09.2020,6796.8742900,17.09.2020,1.1847000,17.09.2020,74.9931000,17.09.2020,1.9750000
18.09.2020,4677.0000000,18.09.2020,3319.4700000,18.09.2020,1957.1000000,18.09.2020,43.0400000,18.09.2020,6848.6830950,18.09.2020,1.1839000,18.09.2020,75.7319000,18.09.2020,2.0570000
21.09.2020,4511.0000000,21.09.2020,3281.0600000,21.09.2020,1916.9000000,21.09.2020,41.6900000,21.09.2020,6693.2566800,21.09.2020,1.1762900,21.09.2020,75.8780000,21.09.2020,1.8750000
22.09.2020,4529.0000000,22.09.2020,3315.5700000,22.09.2020,1896.6000000,22.09.2020,41.8000000,22.09.2020,6758.2932650,22.09.2020,1.1704000,22.09.2020,76.0336000,22.09.2020,1.8370000
23.09.2020,4456.0000000,23.09.2020,3236.9200000,23.09.2020,1859.4000000,23.09.2020,41.5100000,23.09.2020,6504.7608150,23.09.2020,1.1655700,23.09.2020,76.5960000,23.09.2020,2.1870000
24.09.2020,4563.0000000,24.09.2020,3246.5900000,24.09.2020,1872.5000000,24.09.2020,41.7700000,24.09.2020,6562.0811950,24.09.2020,1.1673600,24.09.2020,77.0485000,24.09.2020,2.2050000
25.09.2020,4560.0000000,25.09.2020,3298.4600000,25.09.2020,1864.3000000,25.09.2020,42.2600000,25.09.2020,6556.5696200,25.09.2020,1.1630000,25.09.2020,78.0650000,25.09.2020,2.1340000
28.09.2020,4627.0000000,28.09.2020,3351.6000000,28.09.2020,1888.1000000,28.09.2020,42.9400000,28.09.2020,6611.6853700,28.09.2020,1.1676100,28.09.2020,79.2216000,28.09.2020,2.7840000
29.09.2020,4508.5000000,29.09.2020,3335.4700000,29.09.2020,1894.7000000,29.09.2020,41.3700000,29.09.2020,6612.7876850,29.09.2020,1.1741400,29.09.2020,78.9961000,29.09.2020,2.5060000
30.09.2020,4470.0000000,30.09.2020,3363.0000000,30.09.2020,1897.4000000,30.09.2020,42.1200000,30.09.2020,6681.1312150,30.09.2020,1.1723200,30.09.2020,77.4870000,30.09.2020,2.5570000
01.10.2020,4408.5000000,01.10.2020,3380.8000000,01.10.2020,1899.6000000,01.10.2020,40.7100000,01.10.2020,6343.8228250,01.10.2020,1.1743000,01.10.2020,77.0140000,01.10.2020,2.4820000
02.10.2020,4379.0000000,02.10.2020,3348.4400000,02.10.2020,1904.1000000,02.10.2020,38.9000000,02.10.2020,6570.8997150,02.10.2020,1.1716000,02.10.2020,78.1679000,02.10.2020,2.4390000
05.10.2020,4479.0000000,05.10.2020,3408.6300000,05.10.2020,1917.0000000,05.10.2020,41.5300000,05.10.2020,6532.3186900,05.10.2020,1.1788000,05.10.2020,78.0554000,05.10.2020,2.6470000
06.10.2020,4519.5000000,06.10.2020,3360.9500000,06.10.2020,1886.8000000,06.10.2020,41.8600000,06.10.2020,6461.7705300,06.10.2020,1.1736000,06.10.2020,78.4046000,06.10.2020,2.5140000
07.10.2020,4474.0000000,07.10.2020,3419.4500000,07.10.2020,1888.3000000,07.10.2020,42.1500000,07.10.2020,6680.0289000,07.10.2020,1.1765000,07.10.2020,78.0875000,07.10.2020,2.6120000
08.10.2020,4498.0000000,08.10.2020,3446.8300000,08.10.2020,1915.7000000,08.10.2020,43.4500000,08.10.2020,6708.6890900,08.10.2020,1.1766400,08.10.2020,77.2732000,08.10.2020,2.6260000
09.10.2020,4451.5000000,09.10.2020,3477.1300000,09.10.2020,1936.3000000,09.10.2020,42.8200000,09.10.2020,6793.5673450,09.10.2020,1.1826000,09.10.2020,76.7342000,09.10.2020,2.7630000
12.10.2020,4445.0000000,12.10.2020,3534.2200000,12.10.2020,1916.3000000,12.10.2020,41.8100000,12.10.2020,6754.9863200,12.10.2020,1.1812700,12.10.2020,77.0364000,12.10.2020,2.8140000
13.10.2020,4374.5000000,13.10.2020,3511.9300000,13.10.2020,1898.8000000,13.10.2020,42.4700000,13.10.2020,6706.4844600,13.10.2020,1.1742000,13.10.2020,77.0508000,13.10.2020,2.7190000
14.10.2020,4364.5000000,14.10.2020,3488.6700000,14.10.2020,1901.7000000,14.10.2020,43.4400000,14.10.2020,6724.1215000,14.10.2020,1.1744300,14.10.2020,77.7483000,14.10.2020,2.6600000
15.10.2020,4271.0000000,15.10.2020,3483.3400000,15.10.2020,1910.1000000,15.10.2020,43.0000000,15.10.2020,6806.7951250,15.10.2020,1.1705500,15.10.2020,77.9738000,15.10.2020,2.7890000
16.10.2020,4253.0000000,16.10.2020,3483.8100000,16.10.2020,1902.9000000,16.10.2020,42.8500000,16.10.2020,6752.7816900,16.10.2020,1.1715800,16.10.2020,77.8215000,16.10.2020,2.6880000
19.10.2020,4194.0000000,19.10.2020,3426.9200000,19.10.2020,1903.9000000,19.10.2020,42.4600000,19.10.2020,6789.1580850,19.10.2020,1.1768200,19.10.2020,77.5946000,19.10.2020,2.8440000
20.10.2020,4270.0000000,20.10.2020,3443.1200000,20.10.2020,1921.4000000,20.10.2020,42.8000000,20.10.2020,6936.8682950,20.10.2020,1.1828700,20.10.2020,77.2907000,20.10.2020,2.9120000
21.10.2020,4211.5000000,21.10.2020,3435.5600000,21.10.2020,1916.5000000,21.10.2020,41.7100000,21.10.2020,7037.1789600,21.10.2020,1.1850700,21.10.2020,76.6925000,21.10.2020,3.0150000
22.10.2020,4307.5000000,22.10.2020,3453.4900000,22.10.2020,1908.3000000,22.10.2020,42.4400000,22.10.2020,6963.3238550,22.10.2020,1.1813000,22.10.2020,76.5371000,22.10.2020,2.9790000
23.10.2020,4325.0000000,23.10.2020,3465.3900000,23.10.2020,1903.4000000,23.10.2020,41.5900000,23.10.2020,6926.9474600,23.10.2020,1.1859000,23.10.2020,76.2175000,23.10.2020,2.9400000
26.10.2020,4223.0000000,26.10.2020,3400.9700000,26.10.2020,1909.8000000,26.10.2020,40.8100000,26.10.2020,6810.1020700,26.10.2020,1.1808900,26.10.2020,76.2520000,26.10.2020,3.0310000
27.10.2020,4123.5000000,27.10.2020,3390.6800000,27.10.2020,1908.6000000,27.10.2020,41.1000000,27.10.2020,6790.2604000,27.10.2020,1.1780000,27.10.2020,77.3161000,27.10.2020,3.0200000
28.10.2020,4012.5000000,28.10.2020,3271.0300000,28.10.2020,1881.9000000,28.10.2020,39.5400000,28.10.2020,6771.5210450,28.10.2020,1.1747300,28.10.2020,79.0407000,28.10.2020,3.2830000
29.10.2020,4057.5000000,29.10.2020,3310.1100000,29.10.2020,1876.3000000,29.10.2020,38.1100000,29.10.2020,6756.0886350,29.10.2020,1.1678100,29.10.2020,78.8533000,29.10.2020,3.3220000
30.10.2020,4050.0000000,30.10.2020,3269.9600000,30.10.2020,1878.8000000,30.10.2020,37.8600000,30.10.2020,6725.2238150,30.10.2020,1.1645900,30.10.2020,79.3972000,30.10.2020,3.3890000
02.11.2020,4162.0000000,02.11.2020,3310.2400000,02.11.2020,1892.4000000,02.11.2020,39.2400000,02.11.2020,6807.8974400,02.11.2020,1.1640400,02.11.2020,80.5708000,02.11.2020,3.2270000
03.11.2020,4252.0000000,03.11.2020,3369.0200000,03.11.2020,1899.3000000,03.11.2020,40.1600000,03.11.2020,6857.5016150,03.11.2020,1.1760000,03.11.2020,78.9110000,03.11.2020,3.0620000
05.11.2020,4321.5000000,05.11.2020,3510.4500000,05.11.2020,1938.0000000,05.11.2020,40.8000000,05.11.2020,6846.4784650,05.11.2020,1.1816500,05.11.2020,76.7360000,05.11.2020,2.9440000
06.11.2020,4396.0000000,06.11.2020,3509.4400000,06.11.2020,1951.5000000,06.11.2020,39.6000000,06.11.2020,6943.4821850,06.11.2020,1.1874500,06.11.2020,77.2990000,06.11.2020,2.8920000
09.11.2020,4755.0000000,09.11.2020,3550.5000000,09.11.2020,1881.3000000,09.11.2020,42.0200000,09.11.2020,6925.8451450,09.11.2020,1.1823100,09.11.2020,76.1090000,09.11.2020,2.8690000
10.11.2020,4884.5000000,10.11.2020,3545.5300000,10.11.2020,1878.0000000,10.11.2020,44.0500000,10.11.2020,6946.7891300,10.11.2020,1.1818300,10.11.2020,76.4585000,10.11.2020,2.9490000
11.11.2020,4945.0000000,11.11.2020,3572.6600000,11.11.2020,1867.6000000,11.11.2020,43.7700000,11.11.2020,6897.1849550,11.11.2020,1.1779200,11.11.2020,77.0836000,11.11.2020,3.0360000
12.11.2020,4853.0000000,12.11.2020,3537.0100000,12.11.2020,1875.9000000,12.11.2020,43.2700000,12.11.2020,6909.3104200,12.11.2020,1.1804000,12.11.2020,77.1494000,12.11.2020,2.9610000
13.11.2020,4879.0000000,13.11.2020,3585.1500000,13.11.2020,1888.2000000,13.11.2020,42.6300000,13.11.2020,7016.2349750,13.11.2020,1.1832000,13.11.2020,77.1510000,13.11.2020,2.9710000
16.11.2020,4932.5000000,16.11.2020,3626.9100000,16.11.2020,1886.7000000,16.11.2020,43.8900000,16.11.2020,7106.6248050,16.11.2020,1.1858300,16.11.2020,76.2318000,16.11.2020,2.6910000
17.11.2020,4864.0000000,17.11.2020,3609.5300000,17.11.2020,1878.0000000,17.11.2020,43.7800000,17.11.2020,7066.9414650,17.11.2020,1.1863400,17.11.2020,76.2471000,17.11.2020,2.6970000
18.11.2020,4890.0000000,18.11.2020,3567.7900000,18.11.2020,1865.2000000,18.11.2020,44.1300000,18.11.2020,7033.8720150,18.11.2020,1.1845000,18.11.2020,75.9258000,18.11.2020,2.7270000
19.11.2020,4916.0000000,19.11.2020,3581.8700000,19.11.2020,1866.6000000,19.11.2020,44.1700000,19.11.2020,7068.0437800,19.11.2020,1.1865300,19.11.2020,76.4216000,19.11.2020,2.6030000
20.11.2020,4948.5000000,20.11.2020,3557.5400000,20.11.2020,1869.6000000,20.11.2020,45.2400000,20.11.2020,7259.8465900,20.11.2020,1.1855000,20.11.2020,75.9510000,20.11.2020,2.6650000
23.11.2020,5026.5000000,23.11.2020,3577.5900000,23.11.2020,1821.7000000,23.11.2020,46.4500000,23.11.2020,7206.9354700,23.11.2020,1.1842100,23.11.2020,76.0205000,23.11.2020,2.7120000
24.11.2020,5179.5000000,24.11.2020,3635.4100000,24.11.2020,1801.5000000,24.11.2020,48.2500000,24.11.2020,7291.8137250,24.11.2020,1.1896000,24.11.2020,75.4069000,24.11.2020,2.7700000
25.11.2020,5392.5000000,25.11.2020,3629.6500000,25.11.2020,1808.7000000,25.11.2020,48.8100000,25.11.2020,7300.6322450,25.11.2020,1.1916400,25.11.2020,75.6236000,25.11.2020,2.9270000
27.11.2020,5260.0000000,27.11.2020,3638.3500000,27.11.2020,1783.1000000,27.11.2020,48.3000000,27.11.2020,7505.6628350,27.11.2020,1.1963000,27.11.2020,75.9925000,27.11.2020,2.8510000
30.11.2020,5063.0000000,30.11.2020,3621.6300000,30.11.2020,1787.3000000,30.11.2020,47.6100000,30.11.2020,7616.9966500,30.11.2020,1.1937000,30.11.2020,76.4053000,30.11.2020,2.9560000
01.12.2020,5058.5000000,01.12.2020,3662.4500000,01.12.2020,1812.3000000,01.12.2020,47.0300000,01.12.2020,7699.6702750,01.12.2020,1.2069700,01.12.2020,75.9095000,01.12.2020,2.8680000
02.12.2020,5167.0000000,02.12.2020,3669.0100000,02.12.2020,1838.8000000,02.12.2020,48.1200000,02.12.2020,7689.7494400,02.12.2020,1.2113000,02.12.2020,74.9660000,02.12.2020,2.7490000
03.12.2020,5053.0000000,03.12.2020,3666.7200000,03.12.2020,1844.2000000,03.12.2020,49.4500000,03.12.2020,7674.3170300,03.12.2020,1.2144500,03.12.2020,74.5288000,03.12.2020,2.5130000
04.12.2020,5122.0000000,04.12.2020,3699.1200000,04.12.2020,1842.0000000,04.12.2020,49.0300000,04.12.2020,7774.6276950,04.12.2020,1.2120000,04.12.2020,74.1181000,04.12.2020,2.5530000
07.12.2020,5039.5000000,07.12.2020,3691.9600000,07.12.2020,1874.4000000,07.12.2020,48.4200000,07.12.2020,7727.2281500,07.12.2020,1.2109000,07.12.2020,73.8202000,07.12.2020,2.4500000
08.12.2020,4994.0000000,08.12.2020,3702.2500000,08.12.2020,1864.4000000,08.12.2020,48.6500000,08.12.2020,7715.1026850,08.12.2020,1.2109000,08.12.2020,73.3716000,08.12.2020,2.4540000
09.12.2020,5023.0000000,09.12.2020,3672.8200000,09.12.2020,1843.6000000,09.12.2020,49.0100000,09.12.2020,7707.3864800,09.12.2020,1.2077800,09.12.2020,73.6380000,09.12.2020,2.4350000
10.12.2020,5287.0000000,10.12.2020,3668.1000000,10.12.2020,1841.4000000,10.12.2020,50.1800000,10.12.2020,7901.3939200,10.12.2020,1.2142400,10.12.2020,73.0110000,10.12.2020,2.5640000
11.12.2020,5380.0000000,11.12.2020,3663.4600000,11.12.2020,1843.5000000,11.12.2020,50.0700000,11.12.2020,7790.0601050,11.12.2020,1.2111000,11.12.2020,72.8860000,11.12.2020,2.5950000
14.12.2020,5325.0000000,14.12.2020,3647.4900000,14.12.2020,1839.4000000,14.12.2020,49.8900000,14.12.2020,7753.6837100,14.12.2020,1.2148500,14.12.2020,73.5710000,14.12.2020,2.6720000
15.12.2020,5297.5000000,15.12.2020,3694.6200000,15.12.2020,1860.3000000,15.12.2020,50.6200000,15.12.2020,7802.1855700,15.12.2020,1.2154300,15.12.2020,73.2892000,15.12.2020,2.6730000
16.12.2020,5174.0000000,16.12.2020,3701.1700000,16.12.2020,1872.1000000,16.12.2020,51.5000000,16.12.2020,7858.4036350,16.12.2020,1.2195200,16.12.2020,73.3539000,16.12.2020,2.7050000
17.12.2020,5188.0000000,17.12.2020,3722.4800000,17.12.2020,1889.0000000,17.12.2020,51.3800000,17.12.2020,7943.2818900,17.12.2020,1.2260700,17.12.2020,73.0912000,17.12.2020,2.6710000
18.12.2020,5140.0000000,18.12.2020,3709.4100000,18.12.2020,1886.8000000,18.12.2020,52.3700000,18.12.2020,8023.7508850,18.12.2020,1.2255000,18.12.2020,73.1600000,18.12.2020,2.7060000
21.12.2020,5095.5000000,21.12.2020,3694.9200000,21.12.2020,1885.6000000,21.12.2020,50.7000000,21.12.2020,7901.3939200,21.12.2020,1.2234400,21.12.2020,74.8222000,21.12.2020,2.7040000
22.12.2020,5073.0000000,22.12.2020,3687.2600000,22.12.2020,1871.1000000,22.12.2020,49.3800000,22.12.2020,7768.0138050,22.12.2020,1.2186100,22.12.2020,75.7930000,22.12.2020,2.7700000
23.12.2020,5107.0000000,23.12.2020,3690.0100000,23.12.2020,1879.2000000,23.12.2020,51.6800000,23.12.2020,7819.8226100,23.12.2020,1.2193900,23.12.2020,74.9630000,23.12.2020,2.5940000
24.12.2020,5105.5000000,24.12.2020,3703.0600000,24.12.2020,1882.6000000,24.12.2020,51.3000000,24.12.2020,7873.8360450,24.12.2020,1.2183200,24.12.2020,73.8900000,24.12.2020,2.5420000
28.12.2020,5101.5000000,28.12.2020,3735.3600000,28.12.2020,1881.2000000,28.12.2020,51.1200000,28.12.2020,7892.5754000,28.12.2020,1.2219400,28.12.2020,73.8961000,28.12.2020,2.3190000
29.12.2020,5143.0000000,29.12.2020,3727.0400000,29.12.2020,1889.4000000,29.12.2020,51.4100000,29.12.2020,7830.8457600,29.12.2020,1.2252000,29.12.2020,73.9090000,29.12.2020,2.4100000
30.12.2020,5169.5000000,30.12.2020,3732.0400000,30.12.2020,1892.7000000,30.12.2020,51.5600000,30.12.2020,7824.2318700,30.12.2020,1.2297600,30.12.2020,74.3469000,30.12.2020,2.4370000
04.01.2021,5212.5000000,04.01.2021,3700.6500000,04.01.2021,1943.9000000,04.01.2021,50.6700000,04.01.2021,7857.3013200,04.01.2021,1.2252300,04.01.2021,74.5035000,04.01.2021,2.6050000
05.01.2021,5358.5000000,05.01.2021,3726.8600000,05.01.2021,1948.1000000,05.01.2021,53.5700000,05.01.2021,8043.5925550,05.01.2021,1.2297700,05.01.2021,74.2509000,05.01.2021,2.6970000
06.01.2021,5376.5000000,06.01.2021,3748.1400000,06.01.2021,1919.3000000,06.01.2021,54.1500000,06.01.2021,8074.4573750,06.01.2021,1.2338000,06.01.2021,74.1278000,06.01.2021,2.7010000
08.01.2021,5556.5000000,08.01.2021,3824.6800000,08.01.2021,1849.9000000,08.01.2021,56.3600000,08.01.2021,8142.8009050,08.01.2021,1.2219300,08.01.2021,74.0795000,08.01.2021,2.7000000
11.01.2021,5599.0000000,11.01.2021,3799.6100000,11.01.2021,1850.9000000,11.01.2021,55.6200000,11.01.2021,7866.1198400,11.01.2021,1.2159000,11.01.2021,74.4270000,11.01.2021,2.8030000
12.01.2021,5721.0000000,12.01.2021,3801.1900000,12.01.2021,1859.4000000,12.01.2021,56.7800000,12.01.2021,8021.5462550,12.01.2021,1.2208300,12.01.2021,73.4610000,12.01.2021,2.7350000
13.01.2021,5755.0000000,13.01.2021,3809.8400000,13.01.2021,1839.4000000,13.01.2021,55.9100000,13.01.2021,7977.4536550,13.01.2021,1.2161700,13.01.2021,73.8795000,13.01.2021,2.7580000
14.01.2021,5937.0000000,14.01.2021,3795.5400000,14.01.2021,1852.6000000,14.01.2021,56.4600000,14.01.2021,8090.9921000,14.01.2021,1.2150500,14.01.2021,73.3033000,14.01.2021,2.6570000
15.01.2021,5888.5000000,15.01.2021,3768.2500000,15.01.2021,1827.7000000,15.01.2021,55.0000000,15.01.2021,7936.6680000,15.01.2021,1.2074900,15.01.2021,73.3100000,15.01.2021,2.7530000
19.01.2021,5892.0000000,19.01.2021,3798.9100000,19.01.2021,1849.1000000,19.01.2021,55.9300000,19.01.2021,8008.3184750,19.01.2021,1.2139100,19.01.2021,73.7272000,19.01.2021,2.5550000
20.01.2021,5864.0000000,20.01.2021,3851.8500000,20.01.2021,1870.9000000,20.01.2021,55.6900000,20.01.2021,8038.0809800,20.01.2021,1.2114500,20.01.2021,73.4866000,20.01.2021,2.5350000
21.01.2021,5771.0000000,21.01.2021,3853.0700000,21.01.2021,1863.4000000,21.01.2021,56.1700000,21.01.2021,8040.2856100,21.01.2021,1.2165300,21.01.2021,73.8993000,21.01.2021,2.4900000
22.01.2021,5740.5000000,22.01.2021,3841.4700000,22.01.2021,1855.5000000,22.01.2021,55.2100000,22.01.2021,7975.2490250,22.01.2021,1.2170200,22.01.2021,75.1411000,22.01.2021,2.4520000
25.01.2021,5722.0000000,25.01.2021,3855.3600000,25.01.2021,1855.5000000,25.01.2021,55.9100000,25.01.2021,8010.5231050,25.01.2021,1.2142600,25.01.2021,75.2130000,25.01.2021,2.6020000
26.01.2021,5595.5000000,26.01.2021,3849.6200000,26.01.2021,1845.6000000,26.01.2021,55.8700000,26.01.2021,7984.0675450,26.01.2021,1.2162500,26.01.2021,74.9150000,26.01.2021,2.6500000
27.01.2021,5499.5000000,27.01.2021,3750.7700000,27.01.2021,1835.1000000,27.01.2021,55.3000000,27.01.2021,7793.3670500,27.01.2021,1.2102000,27.01.2021,75.7780000,27.01.2021,2.6760000
28.01.2021,5575.0000000,28.01.2021,3787.3800000,28.01.2021,1844.4000000,28.01.2021,55.0300000,28.01.2021,7874.9383600,28.01.2021,1.2119800,28.01.2021,76.0390000,28.01.2021,2.6890000
29.01.2021,5377.0000000,29.01.2021,3714.2400000,29.01.2021,1849.8000000,29.01.2021,55.1000000,29.01.2021,7808.7994600,29.01.2021,1.2136200,29.01.2021,75.8064000,29.01.2021,2.5570000
01.02.2021,5406.0000000,01.02.2021,3773.8600000,01.02.2021,1856.0000000,01.02.2021,56.2100000,01.02.2021,7842.9712250,01.02.2021,1.2067700,01.02.2021,76.0720000,01.02.2021,2.8470000
02.02.2021,5516.0000000,02.02.2021,3826.3100000,02.02.2021,1841.4000000,02.02.2021,57.8200000,02.02.2021,7781.2415850,02.02.2021,1.2036000,02.02.2021,76.2349000,02.02.2021,2.8250000
03.02.2021,5555.0000000,03.02.2021,3830.1700000,03.02.2021,1822.9000000,03.02.2021,58.6700000,03.02.2021,7876.0406750,03.02.2021,1.2041000,03.02.2021,75.9224000,03.02.2021,2.7660000
04.02.2021,5699.5000000,04.02.2021,3871.7400000,04.02.2021,1795.3000000,04.02.2021,59.1100000,04.02.2021,7848.4828000,04.02.2021,1.1965600,04.02.2021,75.5429000,04.02.2021,2.9690000
05.02.2021,5715.0000000,05.02.2021,3886.8300000,05.02.2021,1815.2000000,05.02.2021,59.6200000,05.02.2021,8024.8532000,05.02.2021,1.2047600,05.02.2021,74.5982000,05.02.2021,2.8820000