"output","x1","x2","x3","x4","x5","x6","x7","x8","x9","x10"
0,0.559420349260414,-0.703171635472684,0.545403921876832,1.8548195697718,0.0107977074774039,0.58230321117115,2.44876583508549,0.709810013057765,-1.04882796275633,-6.6077254139646
0,-1.69448615329775,0.901512093213372,-1.38303911835199,1.44904563094101,-0.108740825264663,0.536922699469747,-3.60887957635629,-2.94834786977698,-0.547530222524391,-1.99665730960852
1,-1.69474470318875,-0.619444394624388,-0.181207344162384,0.592881714482406,1.57165047432542,-1.01474003119234,2.68446330610183,1.47042465574951,7.14059410430019,3.38133218923063
1,0.848615541727952,-0.540164999081061,0.00590024903683431,2.94243382876363,-0.231867659210886,2.94078544789485,4.24820736927344,1.90423504449989,-2.78562454255547,2.03824401387757
1,-0.257281289493822,-1.01909362540604,0.574843279947258,1.14155933050584,0.629215291194732,2.70464977321865,1.26344972572695,3.31146810620472,0.749819909752078,-0.645834505935592
0,-1.05831168958122,1.23893268136628,-1.84575231029207,-4.17667997102793,4.70753492603257,-2.24071088702426,-0.507278140454709,-0.918953644717261,-3.82882396877579,0.0865417808023764
0,0.505344672464406,-1.61337272419852,-0.476362061466524,-0.707988560892627,1.25423591811109,-0.919972240886128,-3.98018808679999,-1.63940506050163,-2.08653741077646,-2.6351394881651
0,0.213897942336512,-0.0817582937448362,-1.45032892773405,0.925929007086959,-1.86850852641539,-1.79233334762332,-2.37413559969993,-2.49133771357586,0.992963829365068,0.489963628139475
0,-1.02182947211925,0.246872068050307,2.78090895081228,-0.365746025746559,4.33831819540015,0.886006901315702,-2.38719186988432,2.71374725929146,-7.98516649873331,-2.27280724150018
0,0.613670121169038,-0.203289768382316,-0.570937245085267,0.437941925714799,-0.484594498370601,1.62226640197848,-4.16287479105769,0.703458863031694,1.48885700137242,0.100708564742102
1,0.62904773069833,1.69844176576594,1.03827746530144,2.76581661059662,-1.40731170230923,0.561227791407133,2.45058361192688,-0.881154109436301,3.85232115813403,2.43747343193642
0,0.429080925631792,-0.738680563871807,1.78143051521976,1.92686092838015,-1.04766423222475,1.05373059178637,3.16166079219093,1.78801043993466,-2.23463945053929,-2.82271449385247
0,-1.01839633754854,0.102094893022391,-0.395548886567683,-0.578924533927917,-2.70681310003298,3.29579811722345,-4.05190846622176,-2.85554420340955,0.296677804179632,3.20467537342374
0,-0.241856901237061,-0.775875865077795,0.597074623385675,0.141139177945042,1.32138810929076,3.67083356449617,-2.19077010362353,1.82565727441009,-2.27220942419003,-1.50248880221824
0,-1.81332711321411,-1.53717797728552,-0.117155305412764,-0.996202010495949,-0.594648963182387,-4.24010636391524,0.832745066296173,2.71748667292911,-3.21600386813153,0.12906658667216
0,0.240797476802865,-0.309019099841872,-0.0512475972144244,-2.13474639132493,-1.35070518459318,-0.743115874200634,1.08720176186565,2.65777442877687,-2.13678647568224,-2.08811603406579
1,-0.61108009478573,1.7111342698538,-0.486985175187562,-0.458533352976159,-1.58483944065209,1.4154723458029,-1.71688941960502,0.425441144453133,1.5233278909925,-1.03840040861314
0,1.4748576522645,2.95646443599246,0.253769390157915,-2.04592977342332,2.70682981952735,-1.83994496645495,-1.23740763616276,3.52895510811703,-1.09584623046895,1.42979858514708
0,-0.642489682589024,0.933448897399761,-1.1370815328123,2.32085935126513,-2.49238295605059,3.85349191428943,3.78672636812069,-2.17303978168307,0.26560357702422,-2.27573170858914
1,-0.121495334091451,1.44426719223219,0.91994166797425,-2.02929758105612,-1.43934299763773,3.61775557328229,0.0246953488586077,2.64585010629248,2.90140743239383,1.90219989761596
0,-1.10111276453393,-1.16497163673178,0.0583591055118671,2.99474887128735,-3.49448314614398,-0.317057756738805,-0.718036579835649,-4.26330557822712,2.13434690397752,-4.28831434309588
0,0.883680071497653,1.1092346761086,-3.00434231465404,0.0915223755913798,-3.58812698352103,-0.598060632881827,-4.81355789813358,0.48927210384925,1.87639457218636,-1.60556265776392
1,0.531195459396689,-0.918831205614741,0.355181486135894,-0.69063727296831,0.392601264281664,-0.225772292983116,-0.746841267548534,0.405644309809656,1.37337576951844,2.08493107118539
1,-0.778053446281752,1.46946029697987,0.722171467640642,0.938126969450842,0.751039442274553,0.215547869924185,4.11292318607812,0.976639574936697,-1.57943952225772,-0.361625667226194
0,0.355903873182563,0.30310809759387,0.794908857198734,0.996185834953468,0.770850687841387,4.11365309302641,1.39695125922367,-1.02425280194827,-2.63910515872894,0.631499393567339
0,0.182246604776808,1.2602307402798,-0.28935848585673,-1.66937928384147,2.11615442466839,-1.88295902509779,2.61725159641574,-1.11518798083669,1.78239480709221,-4.70259726645179
1,-0.0297298755122239,1.58977677036878,0.366763447062965,0.809538535197519,1.51172202237907,3.15980951759315,3.00011164022179,1.07263910620994,-0.924394963303347,1.83624748052184
0,0.387325950916711,-0.422575727011325,1.18777521618625,-0.600435398613413,-4.034132514351,-0.826430550545253,0.172292819540303,4.43474244976331,-0.160271296564169,-4.41948560802153
1,0.578781163303788,2.28950573666368,-2.39731350416629,-0.000123246753717644,-1.20160240809046,-3.05580121185468,5.17253772508812,0.61936805602046,0.723713348957603,-3.07105706191337
0,1.07966107629548,-0.738440814448676,-1.78440652300563,-1.82962889156924,-0.270221082484983,-0.548689347102439,-2.05202563453667,-3.79189493658827,-0.188619134353855,1.68512764584051
0,-0.227989842890783,-0.875315957865941,-1.0881169595158,-4.5536151042768,-2.02099441150439,-0.819276684452528,-1.1401894479524,2.37993507927637,-2.27083636290709,4.77194305443815
1,-0.43572216855579,-0.306832399919206,3.73304508840336,-1.73220877857294,-0.0705019089504077,-0.18169750513422,-1.44853209564013,0.018426747792179,2.13611135520371,-0.332543702704614
0,0.244301802824507,-0.312495371193277,-1.39983406793847,-0.000990398149485994,-4.66783807143102,4.48944775395352,-2.00127687299007,3.34275984720847,-2.24243413315221,1.30959415132656
0,0.0975791297478978,0.692465009730717,-2.41842107610425,0.000111370149472017,-1.58645811470755,3.02649813865836,-1.77303397067304,1.55065335676303,-2.11067619881924,0.659402644862838
0,-0.629511974485082,-0.695426810752809,-0.56322103397269,0.113791569110228,-1.71900109741232,0.585186788446886,1.31608427519928,-2.33873576455147,-0.573000146694212,-1.39197516355318
0,-0.235506796690134,-0.413304408807157,-2.25704685846554,-4.58795473459547,1.39329581454416,-0.839003541007124,-1.07497084098352,-4.23341137515937,-0.242706312347489,-0.712138615699228
0,1.30506413830061,-2.0694908016725,3.2265383312187,2.46759077353614,-1.43018582405362,0.501398744760045,0.768219912689068,3.80777496049419,-5.90117821167485,2.01474212433878
1,0.746198215735238,-0.237157506572853,-1.08713245915515,0.488704426032188,1.11204725917512,0.995084424124368,-4.61336808089409,-3.61140193478193,3.79378335725891,-0.0940118166874147
1,0.0952793700483057,2.10916731845718,-0.159609778830504,-2.6061569839496,0.340282116986559,-1.69553063847902,2.15445168410365,2.12282814333132,2.20862134188385,2.28317815999582
0,-0.910314888883405,-2.63486095993192,-1.34337921165156,0.107866485175709,2.89008862813287,-0.780910071986769,1.2893875801913,-0.677284650796005,-4.06748009033446,-1.15278717530983
1,0.38177194636164,-2.32452498688028,-1.40790997900518,1.39688034049693,0.219344774525237,4.18805199338339,2.98245142042216,-2.91027028825572,1.28381859986084,2.92036234212819
1,-0.0806182663257765,2.29495196368241,0.902150415425991,0.401073202110845,0.448708086314183,4.20112782008217,2.95438222884057,-3.78745279826115,-0.401231270606706,0.450453284998824
0,-0.906012166451855,-0.468522847713384,-0.793420515631614,0.334737518942245,-1.98727924546816,-1.54689349227025,3.07120150721134,-5.23502804513675,-0.281224561573707,-1.42055166330836
0,-0.745591898152269,0.623467817889036,-2.322291265233,-0.507445517604161,1.01640020376546,2.73249359910393,3.55531039356555,-4.81023111511279,0.237562149042856,-2.13480433513467
0,-0.491940634551165,-0.660185836059996,0.309709286904139,0.902619867243746,-2.46240936412996,2.20209054056689,0.472995493098236,0.522832827496953,-0.0418160867489162,-1.71203724235508
1,0.775018921017826,-0.140209013110737,1.86527094949905,0.598078687098414,-2.26529528359507,-0.289103880767405,2.70172037309352,-1.65150611667762,3.04965702099116,2.94802114900459
0,-0.19256055588277,0.311840539538575,0.756712136717337,-3.18520725714432,0.976288323040475,2.89416621673804,-1.75595205810225,-1.46142712992568,-0.308696188828425,-1.84883182801761
1,0.761939906628752,-0.0781766658517824,-1.14082080178172,0.122507046910943,1.98064223506125,0.066642204997539,0.113557102165855,0.588731273475999,2.7775669932617,3.104354602422
0,0.482910205522587,-0.64004237629012,2.4363579759448,-1.43484276500035,-0.862238913317592,-0.928259362837797,-3.83965975234109,-3.87540356708075,-3.14692664512995,2.0977763905197
0,1.21408106135662,-0.121688762026741,-0.816468515550159,-1.63250753827901,-0.85402308529744,-0.161126731224714,0.867081559021343,-1.90097355220363,-2.66121720230449,1.16930480256164
1,-1.48084662724435,-0.677038125313026,4.30963970055113,1.60954990913337,-0.326695744439481,0.63026924117836,-0.804199056917516,3.64275614942337,1.90212735754148,2.65500803566078
0,-0.212298612001386,0.46317063495208,0.599744134565827,1.4368192667674,-0.444702592577936,-1.8200888498072,-7.36284793357816,-1.77391184443493,0.785203806155677,-5.20372627669404
0,0.766821275207782,0.326996860871844,-0.867963006150684,1.32902368998588,-2.44963381112023,-0.362477857651654,1.00943532990578,3.61705341058705,-2.62698301509857,-1.00393926415257
1,-0.409735715805215,1.72865709851561,-2.00483287105166,-1.50664151825675,-2.84637594304011,1.61699258120546,-2.66054063042331,-1.02675343352955,4.08011985030208,2.6957617830764
1,1.93095848869616,-3.5870180867826,1.58898295986255,-1.22730602680433,-3.77955386817848,1.54234756360408,1.27128508713408,3.06642731069513,3.61322411751783,-2.98112352036942
1,0.262312293107242,-0.94220526907598,0.144569940145703,-0.899870044398323,-4.0196628019141,1.85387339572322,5.4823099057403,1.13912812080801,1.81171842023003,0.0276693748731567
0,0.287611010052311,0.627702667316654,0.221939936265205,-1.66131041615073,-2.22910667422321,0.897403333090374,-0.81618278066342,3.14199015759177,-2.52137096092855,-3.80800171115709
1,-1.11097828129489,-0.843566730165501,-0.887275952312547,-2.39312462115522,-4.25387394792806,-3.48292814747995,2.49540907348971,2.93207917442524,0.0944723930931749,-1.01519147600127
0,0.370204990300252,0.283295008258939,-1.29194554471536,1.05685484428996,0.735035065800804,-0.134500558195119,-3.42522816742015,-0.691648111460587,-0.77045763969099,1.12504281481116
1,0.740356431229234,0.261480198925802,-1.20789451467369,-2.03079908990102,3.26475518377223,-2.23469074419455,1.45313775578275,-2.72115241815147,2.37451117010715,-0.219672209907749
1,-0.7502094771588,1.99060500375536,1.91217048796069,-0.839583188245439,-3.63467387470474,-0.787308613307437,-0.37798860490516,-0.311406569555104,2.56842658578676,0.520001839726751
0,0.441960049839798,-0.321445555076154,0.934101370160876,1.02124780360344,1.03168050434389,-2.85583773490858,0.20605895310327,-3.46864459978612,-1.56527761657717,0.988167329976466
1,0.759419329148998,-0.253474695085234,1.50741595385146,1.09582138427688,2.49132208582824,3.47219305784191,-0.209287639215395,-1.62250189726025,2.04346323875026,-1.55898296386342
1,0.42092483108303,0.784694236103749,-2.60157286673152,0.701256071844138,-0.711848862029379,1.55571700969238,0.498415050372731,5.61694408390081,3.11416768000555,-5.38201808773392
0,-0.398999392175524,1.21312224339205,-0.797824241360235,-0.79741104806694,0.320896215300378,-1.39263174223411,-4.71921886727176,-0.382469412300025,-2.48743370689402,3.27034137068978
1,-1.1279393708882,-1.61592632932518,-0.807765191855258,0.731203372946341,-1.12059935728427,4.93189249136675,1.11937599150202,4.21663105369553,0.69680316268375,5.66003541818626
0,0.480169494033692,-1.22920849322519,-0.210791457385038,-0.00881006899924054,1.46161595267284,-2.70138999486584,-4.78713022378926,-2.22919174280168,-0.389179549279818,-9.32075760778429
1,0.608609095356556,-2.09230057894343,1.36675547649075,1.13483796470201,-1.09143264892142,2.72887388521303,-2.1645811965791,0.727345948944283,-1.81014751631417,4.21316856328794
0,0.0759953007437573,0.273217525282418,-0.690105527248345,0.997677674155662,-2.64128928871874,-0.811082082071561,-0.556865920089008,-2.37184232297075,0.303447215844177,-3.29617929964957
1,0.89713284031735,0.723436649523135,1.06631277016272,-0.727166130335169,1.41631933249792,1.16745396671699,2.50943028005178,3.42590326000601,4.15226748933502,1.88993206015543
1,-2.40090067326411,-0.404440295288962,-0.612821272898685,-0.784346043707144,-3.75451104205986,0.197009046784709,1.86313973391331,-0.833522958418566,6.34302762810788,-1.27154983265257
0,-0.474003601900339,0.839241358211149,-0.80149831218204,-0.441658098260736,-2.20010069940294,1.12494651826235,-2.46367103890247,1.29964472000818,1.15814603460782,-1.67912333528714
1,0.31792510680198,-0.70134497829332,0.128683445121993,2.11902436410781,0.510490423468099,0.940421123349059,2.47332375644455,-1.75747014641878,2.2833646218585,0.781338208894871
1,-0.331283473437228,1.16461104854555,-0.8900873075355,-1.34024038558206,1.69250576428335,2.77854943823074,1.70551805627451,0.820415443351722,5.40742077726763,-1.03588117806412
1,1.99631239798978,-0.703778695206011,0.96951625205891,-2.95444716517089,2.71136624325853,-0.0546763729414877,2.68084460995474,2.0239750110159,4.97822540020857,-1.45536143223202
1,-2.3847417339355,1.63950927885796,1.05499804552005,-3.86842701293996,1.40604080272983,-1.39590608969398,-4.27442004121865,2.04289795768839,0.46989819425262,6.25777473812557
0,-0.109497972061579,0.881042660567916,-2.50575326714938,1.22025011639064,0.934967319326364,-0.950235203968275,-5.30558112394467,0.116056109629558,0.226258827712124,-0.466428677494796
0,-0.15504565891314,1.80591460671642,-1.3081572564605,-0.619632795352245,-2.1008507559276,0.730724203124201,0.328395486105587,-1.88897131258449,-4.0533744700079,2.59894379079659
1,-0.786250871834682,-0.324962382954185,0.820424071303954,-1.70704360347022,0.577634120166093,-0.930233995226114,-0.384818100469065,-0.763713495601627,-0.119531884791061,4.19392742888273
0,-0.612324721721463,-1.18108051384522,-2.0404572825042,1.02394453857773,0.39454614838524,1.40371510595349,3.38044072322155,4.73620783526704,-4.41449975161905,-2.21333922842193
1,-0.521625111985195,-0.0731339597294657,-0.318041456056923,-1.74985790413898,1.5985770387256,0.120922389125557,0.474372768775778,-0.114229277513533,8.00113535499254,2.26340154001057
1,-0.188504291369652,0.760665372212159,1.01109704626409,-0.358628356660184,0.44694400107796,2.5242758766788,0.298081166070643,-0.481091368303986,-1.45907335013275,3.70502741520055
1,-0.271627438778666,-1.99781115063025,1.47382857655992,1.37119421809297,1.33254189230908,0.803057848790871,0.946017812461914,2.70973457637743,-4.07567709470939,5.74314318065212
1,-1.80127026037899,-1.26556127921878,2.8700954906414,-2.81463497161778,1.78431035501992,-2.12305101667014,1.44110031768361,0.370715036045649,4.30855411051199,0.547688960980584
1,-0.993132015498225,-1.59628487367244,-2.59968693274272,-3.29200752409739,-1.29296282442461,-0.0775918851120963,0.574639478160882,1.62380568624609,3.65258576836261,3.04460527689639
1,-1.64734246301896,-0.38338375556779,0.799853071096133,2.21079288753702,2.27610323402945,-2.31795370857433,0.11610898147078,1.15452913331247,1.80421823875622,-3.1124401022813
0,0.124757501327767,0.126023877641105,0.588539724649762,-1.61593387255923,5.05198790240788,-2.18898875800173,-3.02431059826288,3.17649714344983,-1.26769567296825,-1.67576884085911
0,-0.471987253692338,-1.44018804490629,0.457111659416069,0.381550428018434,-0.798513836397336,-2.09620417990585,1.03803662702093,-1.2100025873206,-0.646330701715318,0.191408521461395
1,-0.663617253104029,-0.534979503176021,-0.155443763409939,-1.65520680067838,0.163436284836245,-0.0622421651765338,3.20841567985565,-0.682608249945063,0.0650414686516723,-0.817597971761624
0,-0.0481516299353405,0.886382584743412,-1.56783969569642,-3.61488523077925,-1.76754992341553,1.00831940432091,0.698678626496761,4.31038267485756,0.0704118342243095,-2.4309618413952
1,0.0985307629912708,1.12752478638989,-0.153609232112537,-0.583342747725075,-1.96415923196328,2.08069470417534,1.98200655085973,1.80356555936028,-1.04216596012028,2.04427369059697
1,-0.0799698961989307,0.852397078125887,0.132180071799349,1.16196282594378,1.79549991890861,0.861880861915877,2.73350617452908,4.05156610147072,1.19150108338801,0.092190793889836
1,-1.60099178619355,-0.243796379249251,-0.728887799061381,1.92627124906316,1.15678054674432,-2.18030934203771,2.07051288470296,1.69703130612411,3.22173155247955,2.04924361176886
1,-0.473660924807063,1.69601637940907,0.364854290899697,-3.36565723574116,-2.37637684821912,1.41908178177977,1.39249663478142,0.945729870301823,5.40330639438109,-1.14941320367515
0,0.939693449104027,-2.68630660579277,-0.969996676516753,-0.581878345915673,2.32391015126446,3.2572422113109,1.34416789916264,0.70577653418204,-3.44122903581595,3.37207370206336
1,-0.331305341500535,0.438592268320036,-0.561924744549828,0.10442549986053,1.12764006580345,2.90286529086959,-1.6053960533343,4.92183283766703,5.43069932157187,3.44735909908847
0,0.563822999052313,0.274461665442106,-0.463666170207779,-1.24689557315849,-0.127014566101038,0.397865632313143,-1.88643378977062,0.223041893937357,-5.31774169446448,-3.01384265770456
1,-1.15636926095392,-0.257470099186591,0.726605974093998,-3.58271887055171,1.88298822779801,1.77361179264086,4.17623116514955,-1.23207989806619,3.54720912991222,4.64905189452478
1,-0.935172983110454,-0.639417429807535,-1.57950928865659,0.485866183240149,-0.531398252350216,1.0644054802842,0.316731657354962,-3.63127640266287,2.10035562492274,1.2220987469739
0,1.6304422646156,0.291830987354633,1.12006127964383,-3.06637124673422,0.300213818880414,3.75715772674477,1.64020161006854,1.40335691354316,-0.810088026601127,-0.0994288105622305
1,-0.848085319344744,-2.2683463421772,-1.0808239491287,0.0810578126474701,-0.544293060052393,-3.6338996894198,2.56193468862193,0.585371976769807,2.61786930988369,2.01854123072856
1,0.143449385223741,-2.49411194283882,1.32975708790186,2.351305132849,-1.01115273817174,-0.260111863027203,0.302959643889416,-2.96083967672559,5.37482826594025,1.66421682500896
0,1.84065794707605,2.20163760803394,-1.01826338243146,1.71792391777748,-0.0927266772313069,1.28842946021826,4.41069704812369,2.78572898779573,-3.60399966048796,-1.92320360149734
1,-0.13359512136542,2.08300180485187,-0.480282396979359,0.15398647513662,0.193018627302156,1.12542039448724,0.343895040243871,0.542464477845939,3.16807485472564,0.99816759230408
0,0.197193236661996,-0.747050429574464,-0.525699947535913,3.83356981702397,-1.83037121080449,-0.982144147111209,-0.168923964700515,-0.0200849254995426,-1.13275773089988,-7.21283732472455
0,-1.35150776219126,1.21793891820664,0.802784671476372,-2.50013402102619,-1.38126412738685,-0.213369255991834,1.00739364936354,-2.03116756540674,4.31969699557277,-8.21757379241761
1,1.54812145298133,1.18352983530862,-0.325482873129362,0.965085269711066,1.4472373807962,-0.496570623393646,0.913956276228258,2.19974475873834,-0.55588653062596,0.347594901361825
0,-1.83860609500753,1.0209452390728,-0.747755409373603,1.51970853026097,0.0388129941359691,0.533424641871126,2.2906078483576,-3.98010644656183,-0.531108908318753,-0.215049660852424
0,-1.98395778943232,0.632604645945196,1.76188001169791,-1.48947701171938,1.52242236549996,2.08657831271405,1.61335524983919,0.795747012007212,-4.83219399634704,-2.13611163753243
0,1.72764008777827,1.53129477108087,-0.0144575672685236,1.03943849504752,1.76994930541198,2.01698381016893,1.17512729492309,1.90690686650135,2.37080303320816,-5.60405278639495
0,-0.111159629315323,3.18837727217094,-4.35385310764124,1.5325190300391,2.92546181937532,-3.33095886943371,-0.0842580914332803,-2.94515791496773,-1.01757143870004,0.435311027052974
0,-0.451741154230427,0.126498431936354,0.917531356617898,0.163684031759542,-1.1988336374339,3.82122500171693,-0.387147000485678,-1.08077994247833,-2.84139279250048,-1.7421255183851
0,-0.237084414609968,-0.45333198568391,-1.45630598073664,-1.41551600018937,1.23692577112601,2.44406279621958,-0.548876585212536,-0.604227344055377,-4.22429260436474,-1.20466006743453
1,-2.00503451068175,0.0624190284813864,1.97744906388229,1.59553764392257,2.42197118925162,-0.764410008440918,-1.1839295127969,4.40277689541663,2.75640889489978,-2.93794913426029
0,0.110528953694642,0.346461934430968,1.2187622741598,0.745536995964501,-2.63335656906767,-4.31493155044308,-4.58749467262786,-0.196110115058124,-2.21965619791829,2.41156438917163
0,0.713560589054235,0.384891861977419,-0.800009264198221,2.01554720624688,-0.279971573372085,-1.3642201916059,-2.54546509531359,-1.1505981880018,-2.35431052786164,1.9461298212036
0,-1.27028044517376,-1.24418434902547,1.92596675201981,1.2699447506273,1.14293973296368,-1.12816089182384,2.78974137418634,0.518428263139629,-0.956660118907992,-2.30523930269469
1,0.66685399529371,0.495279847148703,0.0545044750894716,0.281714241488231,-4.29701008641289,-0.258054855119646,1.57524227689109,1.81646617300574,-5.50916254320154,7.51976800826091
0,0.864724600715668,-0.0156567618987689,-1.11418346176942,-0.657331206377981,2.42224642253555,0.868505511336311,-0.990654543068927,2.42881306526728,-3.39734288439472,2.43583182186035
0,-0.445670417969027,-0.815687721543566,-1.27922348665735,2.38107239276977,2.05649883903012,-2.45358833897577,-0.473770802959193,-1.89932277003458,-3.76043546781508,3.78054022447882
1,1.01011421465242,-0.64218259326949,1.61294411991881,-0.71585998977911,1.26451175778961,0.743808451141164,-0.841617167655753,-0.827387996764944,1.02413703180515,2.56592435758412
0,0.731414391477791,0.975174890016381,0.33351446930171,1.55327130200999,-1.20200321390978,2.26625432804403,2.42242884168276,-0.510677733052508,-2.42588558376045,-2.55063311523482
0,0.868696801940949,1.26223271160724,-2.12619554468178,-0.787501007995188,-3.44027966493732,-1.49597460324167,-0.0561958791774418,1.14014073729747,0.103662220775049,-0.885854134190005
1,0.526769235295184,-0.299125044046779,0.401597637193931,2.03581135093219,-0.813631246073681,1.47999424486546,-1.27945634508175,-1.33035316459231,3.03021092125096,-3.07258566049016
0,-0.816169612833357,0.970230993559648,1.02413009933792,0.554347301555802,-0.122631671721751,-0.801630702907027,-1.81993086905244,2.60884261442626,-2.77212301896559,1.03010744640022
1,-1.09246972263141,-0.195734111618197,-0.876055336900361,0.15744822648553,1.98548098529178,-0.249531795551331,0.874067762496195,-2.39900299714535,0.777619045290581,-0.0660336131811277
1,1.69672108182841,-1.61056445557906,3.35816527726181,0.566255872775948,-5.10919632005128,1.27616582729091,1.25353896087532,-1.50907622596,-2.03128062931154,2.42946068405862
1,0.140804183305523,1.07372445593581,-1.55121713078785,-0.0297555139850554,1.35749952902036,-1.38594779765634,-3.24190908085884,-3.819956177898,2.46105523244567,4.76883666615276
1,0.483413263001907,-0.472786340955723,0.201432878607872,-2.04443569775021,0.487754365293883,-0.722704581910159,1.43263323788051,3.85672575530374,6.47591208472718,0.685477181954548
1,1.06106909759025,2.07721089277916,-0.291762834045873,3.94440734062693,0.803029595754467,-0.311767406840697,-2.13011839931504,-0.866651904343034,0.0285317473401275,4.88764653346845
1,0.690840611478225,0.651445278961806,0.202590429722384,-0.519257641923448,0.930206642951301,2.4456650615422,4.07193621272885,-1.29684301146783,6.55386089056109,1.63044420615985
1,1.00232124410751,-1.05136888369519,-1.21246804540492,2.23001843224442,0.07259967099394,-3.41749364820208,0.34791202523895,-0.931236701651315,5.37330811386237,-2.32453872953419
1,-0.328008136723456,1.35179128968391,-1.89359386474575,-0.957062721536352,2.0670175864161,0.439129126499547,2.74905948821774,-3.60692126900058,1.20192383759263,4.97779498345969
0,-0.941982606368236,-0.40250315424055,1.50673504643235,-2.08584052809699,-2.95848821250105,0.548396309697765,-0.105728502886222,2.12676795897373,-3.92437047281236,-3.25673827477566
0,1.40899081553177,0.326413221919441,-0.963616889631823,-1.1596811973549,0.555551123131822,2.04578039747425,-1.08459951062427,-1.82448432373076,-5.19217395956532,6.94701390005724
1,0.326307720958812,0.0287454488991193,1.05599613823753,-0.932485830563029,0.554269170785071,1.12728782968482,-0.36622830284845,-0.300139225771376,-0.666719871863428,1.05942240344029
1,-0.525026086770315,-2.92007593685406,-2.60630703774426,-2.73720622415452,-2.21366483457511,2.8969608827802,4.53623225633634,3.9253464637858,1.02113169392708,2.22499761478579
0,1.73678061415913,-0.136594834942767,1.00646129373849,0.81832307989965,-0.251207887548178,1.5737244612961,2.86736627919504,-3.98415196570148,0.877507522002443,-4.48728978156129
1,-0.0450101375616519,-0.246552913231861,-0.350769786407274,-1.50714057698144,0.174792773004001,0.534889941791598,0.340259371028871,-0.595869122217942,3.40115315796215,4.84634960491163
1,-0.52467684078243,-0.0651265017560322,-0.205961471616393,-1.24072051249486,2.56926805348643,0.359893853407877,-3.3757932564119,3.19293455962542,3.53495540082302,-0.675983153199991
0,-0.0813370027903208,0.160696362944788,0.0957738724753288,-3.35089418967779,-3.20282099006302,1.93797430668359,-1.89574368910333,-0.836126116258382,0.261270821292,-0.152905826385403
0,-0.367162024907253,-0.244326381643167,-2.58117143720144,-1.04734434729953,0.943052169599688,1.70448542933891,-0.479184829657554,-3.21107283209112,1.82629293422787,-0.728386239819933
1,-1.37897198136228,-1.4851862757213,2.76653394406638,-1.29606500071103,4.49622305784516,-1.18644229621945,0.648970807907378,3.28070362365119,1.35714363076633,4.13073313815253
0,-1.45337642237872,-0.969093462311952,-1.29159773216806,1.66411749986681,-1.66909590069499,2.17785529429599,-1.99967904323326,-3.92739331836943,1.5231390970468,-2.62200278114453
0,0.627178646681378,0.390753042345062,-0.223665133113347,1.60210021789931,2.96988102645119,-0.665965731116823,2.31099492602897,-0.788915774943581,-5.09265666122866,-3.08192851332454
1,-0.165418920992605,2.09190424204744,1.6722923060053,0.471319858663257,2.17425295358383,3.01845941400668,-0.75087570535851,1.06748697450627,-0.0688608253367538,-0.664555721769803
0,0.50294877618033,0.769169126019327,-2.1601089458292,-0.320578868284142,-0.678587555304872,2.68545576282205,0.708869867019664,0.270109448000794,-1.015329946549,1.4416736216032
0,-0.0871293110780906,0.992930400435278,-0.166366911399713,1.21036662708122,2.61375940132828,1.12927554074275,-1.85790977484539,0.0159635729814812,-4.23668170142999,5.99219621240513
0,0.415787853514018,-0.314815736103053,-1.81034744982869,-1.02068509216978,-1.08507325594936,-4.45976815913462,-0.113116896591117,1.92190382013576,-2.22494627397712,0.820959940527326
0,2.46779465846951,-0.175233480088037,-1.31969561865621,0.438527290039718,-0.915743628177043,-1.66171808811166,-2.11908683500793,-0.443659387021024,-6.97918825945069,-2.31201058598908
0,1.1087496791135,-0.924018494887722,0.098361978462433,-0.30815091433831,5.14325076883898,2.41323791580257,-4.33177052563112,-1.05131670306896,-0.0454879850051665,-0.848226890638696
0,-0.0410722324377548,2.36462113117195,-0.170821005764237,1.90689772330411,-1.88666099405501,-1.7998905511485,-3.84527368240482,0.973897466873431,-5.62713051898032,5.51222988640311
0,-0.883222664346624,-0.965415657491737,2.23008159104438,-0.410021701656266,-1.05524771931136,1.43954825904088,-0.901888414776658,-5.07760897023656,-1.5432997710884,0.0403010080534502
0,-0.209657643256741,-1.12376737359739,0.812082312815484,0.630246925039678,0.536579901114918,-1.46266385040975,0.26943103290348,-3.45612916287923,0.363087616216264,-0.987228168015226
0,-0.0591972628708168,0.0219244011595083,1.05840669578921,0.197511880232714,-1.112227261551,-1.6290444154866,-1.23824116018249,5.5870743963698,-2.51535063055534,-2.88135764039417
1,0.537537189921628,-1.17275632373753,1.76733768373853,-3.45060798202412,3.04951893062628,-1.41999787516328,-0.191156517938635,-0.803210692973404,3.82799179247221,-4.28791022897504
1,-0.713538772400286,-0.0431800245492203,1.50869448073578,-1.75103861508722,2.32110331560381,1.30441151744984,-0.583327457364969,2.70519083231828,1.17027429747933,-0.0287566313891116
0,0.877391301403926,-1.07807121040764,1.62227893939049,0.962441524031164,-3.67420438260401,-4.12161729729059,-1.80999413037379,-1.12042730911804,-0.829666524317878,-1.88513560363421
0,0.0201746914393748,0.911596507031579,2.34293221937765,-0.511388756577336,-3.0518047974854,2.20656020549924,4.0706611341758,-2.19486968057967,-7.55920313480742,-1.15267681960168
0,0.187066579865591,-0.657001199556207,-0.278372524079625,1.94082526003401,1.19953785184736,1.54714242852172,2.60945284415567,1.7421986274634,-0.777710726960244,-6.19903644090035
0,0.18861276421415,-1.09538822027409,1.50961269556053,-0.0278517153688142,-0.47040130072369,2.30510280603614,-0.853680997688006,-2.80877099505221,-0.263757719849313,-4.65606268931317
0,0.75764821295573,-1.33353750608595,-1.40897753839251,0.544210662751825,-1.23694543125799,0.612141081105459,1.41337457438576,3.13342433653619,-2.13154471790548,1.63364102226337
0,1.65862861088952,0.749241946853261,-2.06502539576261,3.2042414596566,-0.377007199424755,0.14378448252067,-2.58684254154337,3.50812536988451,1.85941735073467,-2.34555998070736
1,1.53983911617082,0.103913797437946,0.323221307575601,0.690910620740366,-1.60547764233486,0.313064448725948,-0.409499495619254,6.06979814879705,0.525357239739772,-0.4432626226463
0,-0.255857498198034,2.7892427903124,-0.928217857882641,-0.975788974017799,-0.148069861963995,2.40026995117019,-1.52040365267045,-1.87197353605338,1.03597593137423,0.0941426810380397
0,1.65769750526711,-0.958185219854964,-1.13874123925404,-0.356454091592628,-0.387802732909759,-0.16337322173786,0.527389600000259,-0.174156343989753,-3.06419460748876,2.02830938228263
1,0.0358894854784478,-0.334815743258516,0.89113891646879,-1.63558083493868,-0.168158532162019,3.22283157539847,-2.56811387569353,-1.21839426146711,4.30565017207679,1.75872941420629
1,-0.837047209322109,-0.572846748978179,1.89345124023998,-1.07798329378024,1.74380880720601,-0.794891631953888,1.66366224711253,3.7123779998606,-3.05736922854291,2.73962321065162
0,1.61093925767794,-0.577040126844543,-0.380441994137128,3.20558003426174,2.50252658576005,2.27201607663987,-2.57857611677491,-1.76248189924487,-4.29646210863965,-0.313012616813829
0,-0.351129125405738,-0.491699251039209,-1.37561357376946,-1.14375087678887,0.445236230400704,-0.892308343945529,0.786373427986452,1.59024952086305,2.67256565557777,-4.58448234110061
1,0.0843114761940186,3.31088125349854,-1.05918909795239,-1.09556413489143,-0.693272031387781,-1.19854516114443,0.489597377561371,-1.84295735289775,-1.96250746090954,7.15597290117875
0,-0.720388799292725,-0.898649953192344,-0.654869429812883,-1.54395161159397,-1.75964110838657,-3.59477993416569,-0.646721418537078,1.49588481586269,-2.20567080894008,-1.01800963394155
0,-1.05431806447144,-0.5540617428665,2.77564103219947,-0.585046743824493,-1.38202366908502,0.333950817336526,1.40183206159968,-1.23794798031431,-2.04036440200945,-4.2999400254993
0,1.17321120222127,2.14877543803362,-2.66537513794289,-0.443289285684881,-0.687276768404267,-2.2591145830856,3.11581240457045,-0.338798414667667,1.90712437001531,-3.22026542290393
1,-0.530300961476856,-1.30678950698224,1.08957815880542,-0.307226705823032,0.482804520765175,-2.49633376132163,-3.80393257551661,0.742336518102008,2.52426797940037,-2.16977240373446
1,-0.0428475219851481,0.114596636972777,1.51278173100018,-0.207588197064886,2.14001012279924,2.3785029398676,-1.67079917555189,-1.17506656106239,4.83215477646995,3.97001866012475
1,-0.99486523324184,0.732912120056871,0.225265896486099,-0.357854811243133,2.14572813653363,-1.17480484444206,2.62273900402097,0.747553108716306,0.185064623164721,5.41049273910487
1,0.446186865462441,-0.570253471603078,-0.601321995140708,0.528735357468586,0.162152834557054,-3.02642249494014,1.80655151432248,0.0656840743141547,-1.29932173790854,2.52239266124435
0,1.42542792050063,-0.759292591321441,-1.07088337531384,-0.878424768180131,0.805263080963432,-0.027880910408237,-3.04336308020014,-1.47222998081646,-3.05317289801132,-1.38051027423401
1,-0.612161503056661,-1.11748124251887,0.927137777181568,1.27335881716485,-0.774210336762618,2.16208473415194,-1.85724192330961,-1.26586065914437,1.71510449243473,-0.297706899405373
1,-1.32123369134499,-0.568676055033348,-0.114915053659633,-0.825262312951389,-1.5013878811262,-4.15451522170248,-3.40892769583558,-0.904512965421466,4.21501319155301,-1.83691065583542
0,0.957896145755959,-0.706614545939458,1.37953466543292,-2.9550753829348,0.630221940381771,3.52767862954835,0.125805304441351,-3.18521408298583,-1.80333281689151,-0.638945873223937
0,0.0187509991390604,-1.44179957554063,-0.0402042515919896,1.13742102210422,-4.02540289920514,-1.6046433070343,-1.85681240271081,-0.534099934920895,-1.34711771902369,-2.24138498706521
1,-0.074694254445965,0.586070407618803,-0.947915228167628,0.167964889706939,3.30512989935917,-0.918682916500076,2.12343853541004,4.31041663306414,0.847012352853725,4.3672037796438
1,1.52694016651407,-0.957914275133274,1.3454213069683,-0.459186514716168,1.80139732494672,5.10634321866273,1.70421526414782,2.98453917790793,0.25179250444297,5.11723086618206
0,0.93139981593214,0.889255674153455,0.457958271582172,-0.655290565775183,3.97790574918799,-0.991455146128888,-3.24836224238589,2.57809296823956,0.331497521259585,-2.13904856521454
1,0.185795835601035,0.0347630322712306,0.511310104754927,4.72547205363244,-2.41005239090834,1.72930813738833,4.59052509518517,3.55595952227963,-1.67931040763807,-0.683414882656555
0,1.67980992350919,-1.14925688709204,-1.59363592967743,2.84628991237683,-0.539212680777412,3.75806607395973,-3.26849605342459,0.438592988750726,-1.4435237217013,-1.03115779393779
0,1.2040411391514,-1.5035633686422,0.302255821012994,1.30675337658923,-2.01327722147132,0.406509058733618,0.397799455513445,-2.48636016973771,-1.28762854528768,-0.26366931238985
1,0.658833608976842,0.882761496444832,1.63870916167986,-2.15031491075473,-2.04893884438266,-2.08476754834448,0.521570588667884,2.34878135715892,4.81301186052458,-0.545933278494406
0,-1.46833560121292,0.765447334400403,-1.20100166063099,1.96975195265787,2.14568598673705,1.53826786847405,-0.462035132738757,-0.305214274887763,-5.89953789855796,-3.08555674938227
0,-1.80498063351432,-1.55743864953728,1.17052279516801,0.477469988780284,-3.19816841841005,3.47428998869007,-4.2867179152464,1.74197171467079,0.533872628523001,-2.48965908950166
1,-2.52854267527511,0.148178270941048,1.52614277627563,0.321270154875818,-1.05887518832031,-1.0388333536462,0.269129286506505,2.2741952311032,4.11997962019247,0.869869623546652
0,0.68094389073167,1.39692617533949,-0.547352698775366,-0.155735307998462,1.58511447428078,-0.243047455027246,-1.60506743200093,-0.209035086163098,-2.55903690945938,-2.90387410409031
1,1.78853271815217,-1.05063634613489,1.57740865076909,1.38246504220581,-1.03329270267399,1.43287570614705,1.13533131394176,-0.551036079018439,2.91627002022978,-3.62506059199801
1,-0.62615552641162,-1.09284886500102,-1.02338731632759,1.10404244920734,0.753592845276978,0.880709848353727,2.78415625312073,-3.09203237369741,4.44496337721232,-3.11051128284289
0,-0.792976769822564,0.371581551707975,1.58995459176049,0.189702167549109,0.58147928427385,-2.22893589506942,-2.73286850412888,3.73081687419592,-4.12240967730825,5.47412584425604
1,0.415802680392712,-0.757694723031044,-0.230751116639757,0.74990573887354,0.511770104596167,4.25626678508714,4.19580025245197,1.36778979091784,1.94873390731476,-0.312587319964049
0,0.668046385116623,-2.10957205925366,-0.2513813668228,2.08335655641028,0.235014159547185,3.24696496680808,-0.062995467142178,0.13439339855177,-6.40127784037734,-0.918833942736643
1,1.6465820877364,0.492550517440741,0.359274320629227,0.402573906822361,-1.24603250634851,-0.525986457225987,1.23103874645661,1.25770187521949,0.188096055588773,0.103556223263385
